Periodo,P,U,BYM,E,R,W,PUSA
1969/01,0.011594842,,,0.0125,,242.8355,35.6
1969/02,0.011636458,,,0.0125,,241.9799,35.8
1969/03,0.011647943,,,0.0125,,241.7306,36.1
1969/04,0.011679513,,,0.0125,,241.0683,36.3
1969/05,0.011679513,,,0.0125,,241.0683,36.4
1969/06,0.011721134,,,0.0125,,240.2251,36.6
1969/07,0.011765624,,,0.0125,,239.3063,36.8
1969/08,0.011778545,,,0.0125,,239.0422,37
1969/09,0.011889051,,,0.0125,,236.8305,37.1
1969/10,0.012013913,,,0.0125,,234.3664,37.3
1969/11,0.012015348,,,0.0125,,234.3469,37.5
1969/12,0.012105764,,,0.0125,,232.5853,37.7
1970/01,0.012197615,,,0.0125,,266.9612,37.8
1970/02,0.01219618,,,0.0125,,267.005,38
1970/03,0.01223206,,,0.0125,,266.2192,38.2
1970/04,0.012247846,,,0.0125,,265.8714,38.5
1970/05,0.012273681,,,0.0125,,265.3082,38.6
1970/06,0.012348312,,,0.0125,,263.7182,38.8
1970/07,0.012408588,,,0.0125,,262.4218,39
1970/08,0.012465993,,,0.0125,,261.2219,39
1970/09,0.012496134,,,0.0125,,260.5948,39.2
1970/10,0.012500439,,,0.0125,,260.5114,39.4
1970/11,0.012567895,,,0.0125,,259.1019,39.6
1970/12,0.012674096,,,0.0125,,256.9349,39.8
1971/01,0.012798958,,,0.0125,,254.4256,39.8
1971/02,0.012852058,,,0.0125,,253.3763,39.9
1971/03,0.012900854,,,0.0125,,252.414,40
1971/04,0.012966875,,,0.0125,,251.1292,40.1
1971/05,0.012994145,,,0.0125,,250.6074,40.3
1971/06,0.013052986,,,0.0125,,249.4747,40.6
1971/07,0.013042941,,,0.0125,,249.6659,40.7
1971/08,0.013162057,,,0.0125,,247.4087,40.8
1971/09,0.013205113,,,0.0125,,246.603,40.8
1971/10,0.013218033,,,0.0125,,246.3605,40.9
1971/11,0.013239558,,,0.0125,,245.9511,40.9
1971/12,0.013302709,,,0.0125,,244.7863,41.1
1972/01,0.01336155,,,0.0125,,289.9511,41.1
1972/02,0.01340317,,,0.0125,,289.0641,41.3
1972/03,0.013476366,,,0.0125,,287.4982,41.4
1972/04,0.013561042,,,0.0125,,285.6962,41.5
1972/05,0.013588308,,,0.0125,,285.1285,41.6
1972/06,0.013688769,,,0.0125,,283.0248,41.7
1972/07,0.01374044,,,0.0125,,281.9742,41.9
1972/08,0.013830856,,,0.0125,,280.119,42
1972/09,0.013894001,,,0.0125,,278.8489,42.1
1972/10,0.013904047,,,0.0125,,278.6483,42.3
1972/11,0.013994463,,,0.0125,,276.8562,42.4
1972/12,0.014041828,,,0.0125,,275.9099,42.5
1973/01,0.014245621,,,0.0125,,271.9589,42.6
1973/02,0.014363307,,,0.0125,,269.7435,42.9
1973/03,0.014489604,,,0.0125,,267.3793,43.3
1973/04,0.014719232,,,0.0125,,263.2194,43.6
1973/05,0.014875669,,,0.0125,,260.4414,43.9
1973/06,0.014997655,,,0.0125,,258.3229,44.2
1973/07,0.015382285,,,0.0125,,251.874,44.3
1973/08,0.015629139,,,0.0125,,247.8934,45.1
1973/09,0.016000848,,,0.0125,,285.6306,45.2
1973/10,0.016206081,,,0.0125,,282.0175,45.6
1973/11,0.016405573,,,0.0125,,278.5795,45.9
1973/12,0.017042791,,,0.0125,,268.1673,46.2
1974/01,0.017652744,,,0.0125,,297.4057,46.6
1974/02,0.018051724,,,0.0125,,290.8322,47.2
1974/03,0.018190941,,,0.0125,,288.6099,47.8
1974/04,0.018437789,,,0.0125,,284.7436,48
1974/05,0.018582746,,,0.0125,,282.5218,48.6
1974/06,0.018766448,,,0.0125,,279.7667,49
1974/07,0.019037697,,,0.0125,,275.7696,49.4
1974/08,0.019238624,,,0.0125,,272.8885,50
1974/09,0.019456772,,,0.0125,,269.831,50.6
1974/10,0.019842832,,,0.0125,,324.5728,51.1
1974/11,0.020393944,,,0.0125,,315.8036,51.5
1974/12,0.020553251,,,0.0125,,313.3605,51.9
1975/01,0.020815889,,,0.0125,,309.4014,52.1
1975/02,0.020930701,,,0.0125,,307.7014,52.5
1975/03,0.021062738,,,0.0125,,305.7731,52.7
1975/04,0.0212407,,,0.0125,,303.2107,52.9
1975/05,0.021524868,,,0.0125,,299.2102,53.2
1975/06,0.021890838,,,0.0125,,294.2076,53.6
1975/07,0.02206593,,,0.0125,,291.8743,54.2
1975/08,0.022256813,,,0.0125,,289.3696,54.3
1975/09,0.022418985,,,0.0125,,287.2786,54.6
1975/10,0.022533801,,,0.0125,,285.8125,54.9
1975/11,0.022691673,,,0.0125,,283.8224,55.3
1975/12,0.022876811,,,0.0125,,281.5272,55.5
1976/01,0.023318846,,,0.0125,,336.2891,55.6
1976/02,0.023755142,,,0.0125,,330.1168,55.8
1976/03,0.02398764,,,0.0125,,326.9103,55.9
1976/04,0.024155557,,,0.0125,,324.6367,56.1
1976/05,0.024324909,,,0.0125,,322.3813,56.5
1976/06,0.0244225,,,0.0125,,321.0877,56.8
1976/07,0.024629168,,,0.0125,,318.4021,57.1
1976/08,0.024864536,,,0.0125,,315.3801,57.4
1976/09,0.025712732,,,0.0194,,304.979,57.6
1976/10,0.02716083,,,0.0208,,355.1694,57.9
1976/11,0.028387911,,,0.0243,,339.8181,58
1976/12,0.02909976,,,0.0203,,331.5037,58.2
1977/01,0.030026892,,,0.0209,,354.1186,58.5
1977/02,0.030689945,,,0.0225,,346.4685,59.1
1977/03,0.031225267,,,0.0226,,340.5322,59.5
1977/04,0.031697443,,,0.0226,,335.4614,60
1977/05,0.031975866,,,0.0227,,332.5344,60.3
1977/06,0.032367671,,,0.0228,,328.5071,60.7
1977/07,0.032733646,,,0.0229,,324.8341,61
1977/08,0.033405309,,,0.0228,,318.3092,61.2
1977/09,0.033998042,,,0.0228,,312.7572,61.4
1977/10,0.03425781,,,0.0228,,310.3835,61.6
1977/11,0.03463239,,,0.0227,,307.0316,61.9
1977/12,0.035111741,,,0.0227,,302.8343,62.1
1978/01,0.035892481,,,0.0227,,336.1759,62.5
1978/02,0.036407713,,,0.0227,,331.4114,62.9
1978/03,0.036786597,,,0.0227,,327.997,63.4
1978/04,0.037195628,,,0.0227,,324.3904,63.9
1978/05,0.037560162,,,0.0227,,321.2467,64.5
1978/06,0.038076829,,,0.0227,,316.8849,65.2
1978/07,0.038722662,,,0.0227,,311.5984,65.7
1978/08,0.039108727,,,0.0227,,308.523,66
1978/09,0.039555068,,,0.0227,,305.0442,66.5
1978/10,0.040034419,,,0.0227,,301.3944,67.1
1978/11,0.040446314,,,0.0227,,298.3243,67.4
1978/12,0.040789323,,,0.0227,,295.8157,67.7
1979/01,0.042237422,,,0.0227,,330.6413,68.3
1979/02,0.042844504,,,0.0227,,325.9493,69.1
1979/03,0.043425752,,,0.0227,,321.5884,69.8
1979/04,0.043814687,,,0.0228,,318.7332,70.6
1979/05,0.044388764,,,0.0228,,314.6116,71.5
1979/06,0.04488103,,,0.0228,,311.1628,72.3
1979/07,0.045424962,,,0.0228,,307.4363,73.1
1979/08,0.046112416,,,0.0228,,302.856,73.8
1979/09,0.046677878,,,0.0228,,299.1837,74.6
1979/10,0.047493063,,,0.0228,,294.0496,75.2
1979/11,0.048104451,,,0.0227,,290.3147,75.9
1979/12,0.048955512,,,0.0228,,285.2622,76.7
1980/01,0.051342222,,,0.0228,,319.4893,77.8
1980/02,0.052529117,,,0.0228,,312.2698,78.9
1980/03,0.053609811,,,0.0228,,305.9731,80.1
1980/04,0.054546983,,,0.0228,,300.7172,81
1980/05,0.055436799,,,0.0229,,295.8894,81.8
1980/06,0.056536148,,,0.0229,,290.1376,82.7
1980/07,0.058114848,,,0.023,,282.2545,82.7
1980/08,0.059318964,,,0.023,,276.5255,83.3
1980/09,0.059977717,,,0.023,,273.4873,84
1980/10,0.060886183,,,0.023,,269.4087,84.8
1980/11,0.061942482,,,0.0231,,264.8158,85.5
1980/12,0.063567108,,,0.0232,,258.0461,86.3
1981/01,0.065615114,,,0.0233,,325.2613,87
1981/02,0.067226824,,,0.0235,,317.4621,87.9
1981/03,0.068664872,,,0.0236,,310.8137,88.5
1981/04,0.070213437,,,0.0239,,303.9611,89.1
1981/05,0.07127547,,,0.0241,,299.4321,89.8
1981/06,0.072271488,,,0.0243,,295.3055,90.6
1981/07,0.073544494,,,0.0245,,290.1939,91.6
1981/08,0.075060049,,,0.0247,,284.3328,92.3
1981/09,0.076456481,,,0.025,,279.1412,93.2
1981/10,0.078152868,,,0.0253,,273.08,93.4
1981/11,0.079656937,,,0.0256,,267.924,93.7
1981/12,0.081801099,,,0.026,,260.9017,94
1982/01,0.085865536,,,0.0264,,332.4369,94.3
1982/02,0.089239654,,,0.0322,,319.8681,94.6
1982/03,0.09249895,,,0.0455,,308.5982,94.5
1982/04,0.097512044,,,0.0457,,292.7335,94.9
1982/05,0.102993008,,,0.0465,,277.155,95.8
1982/06,0.107954431,,,0.0473,,264.4184,97
1982/07,0.113517202,,,0.0482,,251.4604,97.5
1982/08,0.126255879,,,0.0695,,226.0885,97.7
1982/09,0.1329955,,,0.07,,214.6323,97.9
1982/10,0.139890117,,,0.07,,204.0534,98.2
1982/11,0.146962697,,,0.07,,252.5034,98
1982/12,0.162656416,,,0.0805,,228.1419,97.6
1983/01,0.180355086,,,0.0966,,257.3469,97.8
1983/02,0.190033959,,,0.1024,,244.2394,97.9
1983/03,0.199232046,,,0.1062,,232.9636,97.9
1983/04,0.211845861,,,0.1102,,219.0922,98.6
1983/05,0.221033903,,,0.1142,,209.9849,99.2
1983/06,0.229403889,,,0.1181,,233.2851,99.5
1983/07,0.240746133,,,0.1221,,222.2946,99.9
1983/08,0.250090607,,,0.1261,,213.9882,100.2
1983/09,0.257787495,,,0.1301,,207.5998,100.7
1983/10,0.266341179,,,0.1341,,200.9324,101
1983/11,0.281983237,,,0.138,,189.7864,101.2
1983/12,0.294047381,,,0.142,,181.9999,101.3
1984/01,0.312727718,,,0.146,,223.1924,101.9
1984/02,0.329232318,,,0.1499,,212.004,102.4
1984/03,0.343304281,,,0.1538,,203.314,102.6
1984/04,0.35815555,,,0.1578,,194.883,103.1
1984/05,0.370031686,,,0.1617,,188.6283,103.4
1984/06,0.383423376,,,0.1657,,218.6395,103.7
1984/07,0.395992706,,,0.1697,,211.6992,104.1
1984/08,0.407248839,,,0.1737,,205.8481,104.5
1984/09,0.419380438,,,0.1777,,199.8937,105
1984/10,0.434033654,,,0.1816,,193.1448,105.3
1984/11,0.448929413,,,0.1856,,186.7365,105.3
1984/12,0.467995815,,,0.19,,179.1285,105.3
1985/01,0.502711447,,,0.1953,,217.7335,105.5
1985/02,0.523596222,,,0.2003,,209.0486,106
1985/03,0.5438854,,,0.2058,,201.2503,106.4
1985/04,0.560621062,,,0.2122,,195.2424,106.9
1985/05,0.573902241,,,0.2186,,190.7242,107.3
1985/06,0.588275593,,,0.225,,219.5247,107.6
1985/07,0.608762824,,,0.2418,,212.1369,107.8
1985/08,0.635376852,,,0.2853,,203.2511,108
1985/09,0.660752314,,,0.2972,,195.4456,108.3
1985/10,0.685852223,,,0.312,,188.293,108.7
1985/11,0.717495125,,,0.3289,,179.9888,109
1985/12,0.766340131,,,0.3549,,168.5167,109.3
1986/01,0.834092231,,,0.3858,,206.1089,109.6
1986/02,0.871174477,,,0.418,,197.3357,109.3
1986/03,0.911666717,,,0.4565,,188.5708,108.8
1986/04,0.959263111,,,0.4873,,179.2144,108.6
1986/05,1.012570099,,,0.5175,,169.7796,108.9
1986/06,1.077566644,,,0.5537,,199.5831,109.5
1986/07,1.131332893,,,0.5989,,190.098,109.5
1986/08,1.221531243,,,0.6608,,176.0612,109.7
1986/09,1.294811669,,,0.7202,,166.0968,110.2
1986/10,1.368824029,,,0.7761,,191.1158,110.3
1986/11,1.461304324,,,0.8306,,179.0208,110.4
1986/12,1.576734626,,,0.8898,,165.9149,110.5
1987/01,1.704401293,,,0.9508,,188.8573,111.2
1987/02,1.82738639,,,1.017,,176.147,111.6
1987/03,1.948152699,,,1.0877,,165.2275,112.1
1987/04,2.11860646,,,1.1569,,182.4197,112.7
1987/05,2.278325059,,,1.2306,,169.6314,113.1
1987/06,2.443145733,,,1.3113,,158.1876,113.5
1987/07,2.641021527,,,1.3844,,180.1202,113.8
1987/08,2.856871549,,,1.4542,,166.5113,114.4
1987/09,3.045081395,,,1.5291,,156.2197,115
1987/10,3.298844634,,,1.6053,,180.3184,115.3
1987/11,3.560511423,,,1.6979,,167.0666,115.4
1987/12,4.086392459,,,2.0074,,167.4016,115.4
1988/01,4.718245936,,,2.2124,,173.9805,115.7
1988/02,5.11178304,,,2.2479,,160.5864,116
1988/03,5.373547426,,,2.2809,,157.3685,116.5
1988/04,5.538940737,,,2.281,,152.6694,117.1
1988/05,5.646108688,,,2.281,,149.7716,117.5
1988/06,5.761292137,,,2.281,,146.7773,118
1988/07,5.857456543,,,2.281,,144.3676,118.5
1988/08,5.911343343,,,2.281,,143.0515,119
1988/09,5.945139022,,,2.281,,142.2384,119.8
1988/10,5.990486483,,,2.281,,141.1616,120.2
1988/11,6.070654347,,,2.281,,139.2975,120.3
1988/12,6.197316386,,,2.281,,136.4505,120.5
1989/01,6.349023793,,,2.2954,,143.8545,121.1
1989/02,6.435183543,,,2.3249,,141.9285,121.6
1989/03,6.504944899,,,2.3547,,140.4064,122.3
1989/04,6.602224445,,,2.3851,,138.3376,123.1
1989/05,6.693098769,,,2.4155,,136.4594,123.8
1989/06,6.774384637,,,2.4459,,134.822,124.1
1989/07,6.842148218,,,2.4765,,141.536,124.4
1989/08,6.907332776,,,2.5074,,140.2003,124.6
1989/09,6.973392795,,,2.538,,138.8722,125
1989/10,7.076525015,,,2.5685,,136.8483,125.6
1989/11,7.175855437,,,2.5991,,134.954,125.9
1989/12,7.418029579,,,2.6298,,143.6384,126.1
1990/01,7.776037302,,,2.6604,,137.0254,127.4
1990/02,7.952119854,,,2.69,,133.9912,128
1990/03,8.09230992,,,2.7195,,131.67,128.7
1990/04,8.215471549,,,2.7502,,129.6961,128.9
1990/05,8.358837676,,,2.7804,,127.4716,129.2
1990/06,8.542938589,,,2.8074,,124.7246,129.9
1990/07,8.698734834,,,2.8317,,122.4907,130.4
1990/08,8.846950442,,,2.8565,,120.4386,131.6
1990/09,8.973061369,,,2.881,,118.7459,132.7
1990/10,9.102059888,,,2.9054,,117.063,133.5
1990/11,9.343723103,,,2.9278,,134.5952,133.8
1990/12,9.638213954,,,2.9409,,130.4827,133.8
1991/01,9.883879895,,,2.9532,,127.2396,134.6
1991/02,10.05642472,,,2.965,,125.0564,134.8
1991/03,10.19983964,,,2.9769,,123.2981,135
1991/04,10.30668755,,,2.989,,122.0198,135.2
1991/05,10.40744167,,,3.0012,,120.8386,135.6
1991/06,10.51664758,,,3.0134,,119.5838,136
1991/07,10.60958427,,,3.0256,,118.5363,136.2
1991/08,10.68342298,,,3.038,,117.717,136.6
1991/09,10.78985037,,,3.0502,,116.5559,137.2
1991/10,10.91534274,,,3.0624,,115.2158,137.4
1991/11,11.1863741,,,3.0698,,125.947,137.8
1991/12,11.44967987,,,3.07,,123.0507,137.9
1992/01,11.65777847,,,3.0685,,120.8541,138.1
1992/02,11.79590044,,,3.0636,,119.439,138.6
1992/03,11.91594772,,,3.0664,,118.2357,139.3
1992/04,12.02217132,,,3.068,,117.191,139.5
1992/05,12.10143789,,,3.098,,116.4234,139.7
1992/06,12.18334519,,,3.1185,,115.6407,140.2
1992/07,12.26027241,,,3.1165,,114.9151,140.5
1992/08,12.33559223,,,3.0913,,114.2135,140.9
1992/09,12.44289652,,,3.0862,,113.2285,141.3
1992/10,12.53249354,,,3.1185,,112.419,141.8
1992/11,12.63662034,,,3.1198,,111.4927,142
1992/12,12.81655348,,,3.1182,,109.9274,141.9
1993/01,12.97731976,,,3.11,,117.334,142.6
1993/02,13.08334531,,,3.0989,,116.3832,143.1
1993/03,13.15959369,,,3.1083,,115.7088,143.6
1993/04,13.2354804,,,3.0955,,115.0454,144
1993/05,13.31113749,,,3.1227,,114.3915,144.2
1993/06,13.38579712,,,3.1213,,113.7535,144.4
1993/07,13.45012344,,,3.1236,,113.2095,144.4
1993/08,13.52211219,,,3.1126,,112.6068,144.8
1993/09,13.62226067,,,3.1127,,111.7789,145.1
1993/10,13.67797303,,,3.1142,,111.3236,145.7
1993/11,13.73830236,,,3.1553,,110.8348,145.8
1993/12,13.8430549,,,3.1077,,109.996,145.8
1994/01,13.95037498,,,3.1075,,116.7552,146.2
1994/02,14.02212406,,,3.1115,,116.1578,146.7
1994/03,14.09422476,,,3.2841,,115.5636,147.2
1994/04,14.1632513,,,3.3536,,115.0004,147.4
1994/05,14.23168224,,,3.312,,114.4474,147.5
1994/06,14.30289457,,,3.3607,,113.8776,148
1994/07,14.36632677,,,3.4009,,113.3748,148.4
1994/08,14.43328665,,,3.3821,,112.8488,149
1994/09,14.53593664,,,3.3998,,112.0519,149.4
1994/10,14.6122453,,,3.4158,,111.4667,149.5
1994/11,14.69036086,,,3.4426,,110.874,149.7
1994/12,14.81920437,,,3.9308,,109.91,149.7
1995/01,15.37699094,,,5.5133,,113.3537,150.3
1995/02,16.02870735,,,5.6854,,108.7448,150.9
1995/03,16.9736172,,,6.7019,89.48,102.6911,151.4
1995/04,18.32613326,,,6.2996,85.22,106.5002,151.9
1995/05,19.09209019,,,5.9627,60.45,102.2275,152.2
1995/06,19.69802427,,,6.2232,49.5,99.0829,152.5
1995/07,20.09958836,,,6.1394,43,97.1033,152.5
1995/08,20.43298127,,,6.1909,37.6,95.519,152.9
1995/09,20.85564253,,,6.3025,35.48,93.5832,153.2
1995/10,21.28476212,,,6.6911,42.61,91.6964,153.7
1995/11,21.80960838,,,7.6584,57.43,89.4898,153.6
1995/12,22.52016727,,,7.6597,51.36,95.4156,153.5
1996/01,23.32975376,,,7.5048,42.66,92.1045,154.4
1996/02,23.87426203,,,7.5042,40.11,90.0039,154.9
1996/03,24.39982588,,,7.5736,42.93,88.0652,155.7
1996/04,25.09344962,,,7.4713,36.61,95.9922,156.3
1996/05,25.5508423,,,7.4345,30.31,94.2738,156.6
1996/06,25.96690173,,,7.5425,30.11,92.7633,156.7
1996/07,26.33603069,,,7.6229,33.49,91.4631,157
1996/08,26.68607171,,,7.5141,29.36,90.2634,157.3
1996/09,27.11275149,,,7.5447,26.82,88.8429,157.8
1996/10,27.45116754,,,7.6851,28.68,87.7476,158.3
1996/11,27.86708345,,,7.9189,32.28,86.438,158.6
1996/12,28.75933645,,,7.8767,29.92,98.5129,158.6
1997/01,29.49888603,,,7.8299,25.96,96.0432,159.1
1997/02,29.99459809,,,7.7926,22.11,94.4559,159.6
1997/03,30.36788907,,,7.9628,23.95,93.2948,160
1997/04,30.69597181,,,7.9037,23.98,92.2977,160.2
1997/05,30.97611945,,,7.9057,20.65,91.4629,160.1
1997/06,31.25095691,,,7.9465,22.53,90.6586,160.3
1997/07,31.52321104,,,7.8857,20.5,89.8756,160.5
1997/08,31.8035022,,,7.7843,20.64,89.0835,160.8
1997/09,32.19961259,,,7.7792,20.23,87.9876,161.2
1997/10,32.45694082,,,7.8114,19.7,87.29,161.6
1997/11,32.82004201,,,8.2837,22.17,86.3243,161.5
1997/12,33.27987451,,,8.136,20.48,85.1315,161.3
1998/01,34.00392411,,,8.1798,19.74,95.9709,161.6
1998/02,34.59923784,,,8.4932,20.52,94.3197,161.9
1998/03,35.0045334,,,8.5689,21.69,93.2276,162.2
1998/04,35.33204206,,,8.4996,20.55,92.3634,162.5
1998/05,35.61348136,,,8.5612,19.9,91.6335,162.8
1998/06,36.03442041,,,8.8948,21.47,90.5631,163
1998/07,36.38187811,,,8.904,21.88,89.6982,163.2
1998/08,36.7316321,,,9.2596,25.78,88.8441,163.4
1998/09,37.32737639,,,10.2154,42.04,87.4261,163.6
1998/10,37.86226893,,,10.1523,37.65,86.191,164
1998/11,38.53278623,,,9.9874,34.78,84.6912,164
1998/12,39.47297432,,,9.9117,36.69,94.2525,163.9
1999/01,40.46977028,,,10.1104,35.8,91.931,164.3
1999/02,41.01364281,,,10.015,32.21,90.7119,164.5
1999/03,41.39468378,,,9.7694,26.87,89.8769,165
1999/04,41.77457661,,,9.4461,22.54,89.0596,166.2
1999/05,42.02587708,,,9.3623,22.52,88.527,166.2
1999/06,42.3020062,,,9.5418,23.6,87.9492,166.2
1999/07,42.58157977,,,9.3671,22.11,87.3717,166.7
1999/08,42.82125526,,,9.3981,23.13,86.8827,167.1
1999/09,43.23501839,,,9.3403,22.04,86.0512,167.9
1999/10,43.50885123,,,9.5403,20.63,85.5096,168.2
1999/11,43.89577645,,,9.4205,19.01,84.7559,168.3
1999/12,44.33551639,,,9.4151,18.75,83.9152,168.3
2000/01,44.93083012,,,9.4793,18.55,91.1331,168.8
2000/02,45.32938031,,,9.4456,18.15,90.3318,169.8
2000/03,45.58068078,,,9.2959,15.77,89.8338,171.2
2000/04,45.84001827,,,9.3748,14.74,89.3255,171.3
2000/05,46.01137907,,,9.5081,15.92,88.9928,171.5
2000/06,46.28392024,,,9.7978,17.44,88.4688,172.4
2000/07,46.46446621,,,9.4688,15.13,88.1251,172.8
2000/08,46.71978519,,,9.2846,16.62,87.6435,172.8
2000/09,47.0610716,,,9.3319,16.77,87.0079,173.7
2000/10,47.38513583,,,9.5182,17.38,86.4128,174
2000/11,47.79028786,,,9.5179,18.64,85.6802,174.1
2000/12,48.30767118,,182002892.3,9.4439,18.39,84.7626,174
2001/01,48.57547625,,164450655.6,9.7701,18.62,90.1758,175.1
2001/02,48.54332816,,159626907,9.7027,18.12,90.2355,175.8
2001/03,48.85088778,,160268715.5,9.6182,17.28,89.6674,176.2
2001/04,49.09730863,,157791528.7,9.3508,16.36,89.2174,176.9
2001/05,49.20997046,,160310092.5,9.1467,14.09,89.0131,177.7
2001/06,49.32636377,,163257579.1,9.0957,11.64,88.8031,178
2001/07,49.19820196,,161993494.5,9.156,11.1,89.0344,177.5
2001/08,49.48968755,,162163788.6,9.1272,9.29,88.51,177.5
2001/09,49.95038115,,164899050.9,9.3841,10.95,87.6937,178.3
2001/10,50.17613537,,163829180.4,9.3685,10.34,87.2991,177.7
2001/11,50.36514891,,173831136,9.2223,8.9,86.9715,177.4
2001/12,50.43489879,,198880321.8,9.1672,7.94,86.8512,176.7
2002/01,50.90047201,,186542107.5,9.1614,7.97,91.0273,177.1
2002/02,50.86774985,,181646178,9.1062,8.99,91.0859,177.8
2002/03,51.12794844,,190998570,9.0809,8.47,90.6224,178.8
2002/04,51.40723497,,182583041.9,9.1317,6.85,90.13,179.8
2002/05,51.51142923,,190993341,9.4899,7.73,89.9477,179.8
2002/06,51.76258618,,191930698.5,9.7378,8.42,89.5113,179.9
2002/07,51.91118135,,189743385.4,9.7978,8.34,89.255,180.1
2002/08,52.1085603,,190385779.8,9.8258,7.61,88.917,180.7
2002/09,52.42198356,,192004597.7,10.0425,8.37,88.3853,181
2002/10,52.65303609,,191783884,10.0961,8.67,87.9975,181.3
2002/11,53.07887728,,202232498.3,10.2032,8.33,87.2915,181.3
2002/12,53.3099298,,232188483.5,10.1982,8.26,86.9132,180.9
2003/01,53.52544068,,223470451,10.5762,9.14,90.4623,181.7
2003/02,53.67412245,,218346630.1,10.9216,9.91,90.2117,183.1
2003/03,54.01293041,,213648958.1,10.9427,9.96,89.6458,184.2
2003/04,54.1051442,,213752231.8,10.6324,8.58,89.493,183.8
2003/05,53.93055967,,218761401.9,10.2506,5.92,89.7827,183.5
2003/06,53.9751124,,216884802.2,10.4953,5.79,89.7086,183.7
2003/07,54.0533387,,214789289.9,10.4434,5.3,89.5788,183.9
2003/08,54.21548991,,216930860.7,10.7327,4.97,89.3109,184.6
2003/09,54.53823816,,214324892.9,10.9255,5.05,88.7824,185.2
2003/10,54.73820739,,221869029.1,11.1704,5.6,88.458,185
2003/11,55.19254161,,228963361.4,11.1145,5.35,87.7298,184.5
2003/12,55.42981079,,263547762.2,11.2629,6.4,87.3543,184.3
2004/01,55.77431735,,251684813,10.9308,5.36,90.5085,185.2
2004/02,56.10794476,,246658268.2,11.0128,5.79,89.9703,186.2
2004/03,56.29807094,,239594162.1,10.9984,6.49,89.6665,187.4
2004/04,56.38303195,,247552468.9,11.2535,6.17,89.5314,188
2004/05,56.24160294,,250478083.7,11.5119,6.95,89.7565,189.1
2004/06,56.33174451,,249958690.8,11.379,7.02,89.6129,189.7
2004/07,56.47939018,,253209837,11.4735,7.11,89.3786,189.4
2004/08,56.82804118,,247265497.4,11.3957,7.5,88.8303,189.5
2004/09,57.29791705,,247083323.9,11.4858,7.78,88.1018,189.9
2004/10,57.69474717,,256441531.9,11.3864,8.05,87.4958,190.9
2004/11,58.1868994,,261408307.1,11.3938,8.6,86.7558,191
2004/12,58.30708815,,301114461.2,11.21,8.93,86.577,190.3
2005/01,58.30916037,3.636649725,286242842.9,11.2556,8.97,90.461,190.7
2005/02,58.50343099,3.55138082,279475469.6,11.1502,9.47,90.1606,191.8
2005/03,58.76712098,3.632565525,275748786.4,11.1326,9.78,89.756,193.3
2005/04,58.97641519,3.566534682,276874469.9,11.1262,10.01,89.4375,194.6
2005/05,58.82825146,3.676402178,278015061.2,10.992,10.12,89.6628,194.4
2005/06,58.77178347,3.743754729,280410187.8,10.834,10.01,89.7489,194.5
2005/07,59.00179988,3.575326883,283271832.7,10.6931,10.01,89.399,195.4
2005/08,59.07225536,3.434946219,274719290.7,10.6703,9.98,89.2924,196.4
2005/09,59.30900649,3.340600048,282318750.2,10.7791,9.65,88.936,198.8
2005/10,59.45457994,3.260950718,285511997,10.8312,9.41,88.7182,199.2
2005/11,59.88249335,3.147600122,290355447.3,10.6903,9.17,88.0842,197.6
2005/12,60.25031239,3.173459879,336073254.3,10.6201,8.72,87.5465,196.8
2006/01,60.60362589,3.202219044,318653696.1,10.5679,8.41,90.5175,198.3
2006/02,60.69635773,3.52178731,312792725,10.4813,7.97,90.3793,198.7
2006/03,60.77251181,3.335956066,318642681,10.7061,7.68,90.266,199.8
2006/04,60.86161727,3.382262859,318855199.4,11.0206,7.51,90.1338,201.5
2006/05,60.59067451,3.145180136,322666481.7,11.0758,7.32,90.5369,202.5
2006/06,60.64299806,3.506511996,332355752.9,11.3864,7.33,90.4588,202.9
2006/07,60.80929371,3.665301566,332296189.5,11.0268,7.31,90.2114,203.5
2006/08,61.11960865,3.616887319,323269985.5,10.8739,7.3,89.7534,203.9
2006/09,61.73661213,3.72792948,329907360.8,10.9722,7.31,88.8564,202.9
2006/10,62.00651878,3.677643608,327995456.7,10.9201,7.31,88.4696,201.8
2006/11,62.3318573,3.739717724,347357948.7,10.8948,7.3,88.0078,201.5
2006/12,62.69242357,3.790339593,389471396.2,10.865,7.34,87.5017,201.8
2007/01,63.01620793,3.729951013,366744139.5,10.9344,7.41,90.4367,202.416
2007/02,63.19234663,3.816720521,359358747,10.988,7.46,90.1846,203.499
2007/03,63.32911314,3.800502022,367282511.6,11.125,7.46,89.9899,205.352
2007/04,63.29129513,3.68811892,359960622,10.9924,7.47,90.0436,206.686
2007/05,62.98253436,3.464597539,359993937.3,10.8301,7.7,90.4851,207.949
2007/06,63.05817039,3.53869621,366151931.7,10.8338,7.7,90.3765,208.352
2007/07,63.32600481,3.487040243,366749095.3,10.7963,7.7,89.9943,208.299
2007/08,63.58399619,3.576450962,367954618.2,11.0363,7.71,89.6291,207.917
2007/09,64.07770259,3.503678076,367299957.2,11.045,7.7,88.9386,208.49
2007/10,64.32740509,3.631289214,364920297.4,10.8418,7.73,88.5933,208.936
2007/11,64.78122126,3.553567279,382319560.5,10.8658,7.93,87.9727,210.177
2007/12,65.04905568,3.524655357,429979589.9,10.8494,7.93,87.6105,210.036
2008/01,65.35056368,3.816809437,405979634.2,10.9171,7.93,90.7031,211.08
2008/02,65.5448343,3.680193171,403392949.4,10.7794,7.93,90.4342,211.693
2008/03,66.01989072,3.760120789,397941337.4,10.7346,7.93,89.7835,213.528
2008/04,66.17012666,3.617454748,393084215.2,10.5295,7.94,89.5797,214.823
2008/05,66.09863507,3.575440341,399608153,10.4542,7.93,89.6765,216.632
2008/06,66.3721681,3.61227402,395448496.4,10.3305,8,89.307,218.815
2008/07,66.74205936,3.843546947,403494699.4,10.239,8.28,88.812,219.964
2008/08,67.12749227,3.776237152,404437961.7,10.0906,8.56,88.3021,219.086
2008/09,67.58493481,3.855828759,403569205.8,10.5744,8.66,87.7044,218.783
2008/10,68.04548569,4.023212034,423880790.7,12.4738,8.68,87.1108,216.573
2008/11,68.81894178,4.536924858,436038650.3,13.0609,8.73,86.1318,212.425
2008/12,69.29555236,4.535483729,494352262.8,13.3726,8.74,85.5394,210.228
2009/01,69.45614941,4.672109,479699526.6,13.8492,8.41,89.2864,211.143
2009/02,69.60949368,5.002571997,475258808.3,14.518,7.94,89.0897,212.193
2009/03,70.00995018,4.956217051,471454247.7,14.7393,7.64,88.5801,212.709
2009/04,70.25499019,5.197566125,470514879.2,13.489,6.68,88.2711,213.24
2009/05,70.05035847,5.597093164,473891910.8,13.2167,5.78,88.529,213.856
2009/06,70.17935416,5.286902848,468343824.4,13.3439,5.26,88.3663,215.693
2009/07,70.37051645,5.461945613,474749818.2,13.3619,4.92,88.1262,215.351
2009/08,70.53888432,5.708996282,464943904,13.0015,4.89,87.9159,215.834
2009/09,70.89271587,5.98643174,460087018,13.3987,4.91,87.4771,215.969
2009/10,71.10719063,5.492580893,468186286.6,13.2626,4.91,87.2132,216.177
2009/11,71.47604578,5.288270229,478278462.3,13.1305,4.93,86.7632,216.33
2009/12,71.77185517,5.29121053,536824462.5,12.8504,4.93,86.4056,215.949
2010/01,72.55204598,5.411763808,519517391.1,12.807,4.91,89.6225,216.687
2010/02,72.97167051,5.114777408,513018657.3,12.9624,4.92,89.1071,216.741
2010/03,73.48972549,5.148728021,516527701.4,12.6138,4.92,88.4789,217.631
2010/04,73.25556464,5.457483805,508527032.3,12.242,4.94,88.7618,218.009
2010/05,72.79397765,5.252179614,517335155.5,12.6826,4.94,89.3246,218.178
2010/06,72.77118323,5.137554617,514675633.8,12.7234,4.94,89.3526,217.965
2010/07,72.92919,5.294522118,525939253.5,12.8341,4.92,89.159,218.011
2010/08,73.1317495,5.015898556,518748981.1,12.7261,4.9,88.912,218.312
2010/09,73.51511019,5.282439743,514012112.3,12.861,4.9,88.4484,218.439
2010/10,73.96892635,5.332380407,522847754.5,12.4535,4.87,87.9057,218.711
2010/11,74.56158125,5.308749309,531623121.1,12.3251,4.87,87.207,218.803
2010/12,74.93095445,5.510917496,599058360.7,12.4011,4.89,86.7771,219.179
2011/01,75.29599135,5.031360865,575338818.8,12.1477,4.86,89.9023,220.223
2011/02,75.57846024,5.265456923,568762276.1,12.0726,4.84,89.5663,221.309
2011/03,75.72345093,5.110206231,559812846.8,12.0173,4.84,89.3948,223.467
2011/04,75.71744095,5.198886794,563870244.2,11.7584,4.85,89.4019,224.906
2011/05,75.15926438,5.366139249,563755300.3,11.6479,4.85,90.0659,225.964
2011/06,75.15550814,5.556058048,561297800,11.792,4.85,90.0704,225.722
2011/07,75.51610674,5.208094731,568155834.3,11.676,4.82,89.6403,225.922
2011/08,75.63555502,5.289688914,561100355,12.1707,4.81,89.4987,226.545
2011/09,75.82111305,5.074648801,568616362.5,12.9291,4.78,89.2797,226.889
2011/10,76.3327123,4.875032535,575634865.7,13.4808,4.79,88.6813,226.421
2011/11,77.15833283,5.056474364,588599492.9,13.6358,4.8,87.7324,226.23
2011/12,77.79238536,5.023102227,665525155.7,13.7516,4.8,87.0173,225.672
2012/01,78.34304946,4.631790802,639251863.1,13.5047,4.79,90.0369,226.665
2012/02,78.50231384,5.290720167,634676648.2,12.8014,4.78,89.8543,227.663
2012/03,78.54738867,5.018969903,642798261.5,12.7561,4.77,89.8027,229.392
2012/04,78.30097963,4.908045804,646470935.6,13.0512,4.74,90.0853,230.085
2012/05,78.05381934,4.774359,656623534.7,13.5556,4.76,90.3706,229.815
2012/06,78.41366669,4.818958604,669519731.9,13.982,4.76,89.9559,229.478
2012/07,78.85389747,4.750352637,660889321,13.3894,4.78,89.4536,229.104
2012/08,79.0905403,4.94244055,658074453.2,13.179,4.79,89.186,230.379
2012/09,79.43911894,4.593527675,647570543.4,12.9871,4.8,88.7946,231.407
2012/10,79.84103612,4.913327249,649644763.2,12.8728,4.82,88.3477,231.317
2012/11,80.3834365,5.141743145,669497674.8,13.0872,4.84,87.7515,230.221
2012/12,80.56824328,4.898044667,733451725.1,12.867,4.84,87.912,229.601
2013/01,80.89278202,5.166253886,695950944.7,12.7219,4.84,90.9752,230.28
2013/02,81.29094297,4.810884011,686550500.7,12.7144,4.82,90.5296,232.166
2013/03,81.88743314,4.975072161,691564113.6,12.5745,4.48,89.8702,232.773
2013/04,81.94152293,5.015403707,678914429.3,12.2249,4.33,89.8108,232.531
2013/05,81.66882024,4.967033416,688578205.2,12.2522,4.32,90.1107,232.945
2013/06,81.61923793,5.03555829,686576437,12.9361,4.3,90.1655,233.504
2013/07,81.59219304,4.867933679,680113672.7,12.7851,4.32,90.1954,233.596
2013/08,81.82432839,4.821467334,683323703.3,12.8704,4.31,89.9395,233.877
2013/09,82.13233968,4.97130373,681670380.3,13.0925,4.1,89.6022,234.149
2013/10,82.52298816,4.896014975,687989636.3,13.0187,3.98,89.178,233.546
2013/11,83.29226516,4.569534923,711274007.8,13.0634,3.79,88.3544,233.069
2013/12,83.7700583,4.737795875,792262602.3,13.0098,3.79,87.8505,233.049
2014/01,84.51905163,4.889726502,769604674.6,13.1981,3.78,90.4654,233.916
2014/02,84.73315704,4.776757473,771791358.5,13.2888,3.79,90.2368,234.781
2014/03,84.96529239,5.32965379,766960190.9,13.2154,3.8,89.9903,236.293
2014/04,84.80677925,4.921165783,768733613.5,13.0681,3.81,90.1585,237.072
2014/05,84.53557906,4.967144268,777256249.9,12.9479,3.8,90.4477,237.9
2014/06,84.68207224,4.837905899,783001969.3,12.9832,3.43,90.2913,238.343
2014/07,84.91495883,5.207931124,783208664.6,12.9734,3.3,90.0436,238.25
2014/08,85.21996514,4.850913495,787820210,13.149,3.3,89.7214,237.852
2014/09,85.59633992,4.784645341,788660081,13.2002,3.29,89.3269,238.031
2014/10,86.06962558,4.656294773,811715734.7,13.4768,3.29,88.8357,237.433
2014/11,86.76377787,4.638794794,829468731.9,13.5819,3.29,88.1249,236.151
2014/12,87.18898371,4.150121622,928051802.6,14.4266,3.3,87.6952,234.812
2015/01,87.11010277,4.376531633,910089542.8,14.6757,3.3,91.4553,233.707
2015/02,87.27537713,4.44726907,917404455.5,14.9167,3.3,91.2821,234.722
2015/03,87.63071699,4.279995507,931897661.2,15.2003,3.3,90.9119,236.119
2015/04,87.40384038,4.349085882,933091994.6,15.2228,3.3,92.3885,236.599
2015/05,86.96736583,4.426638902,943056323.9,15.2555,3.3,92.8522,237.805
2015/06,87.11310776,4.419138734,946647963.6,15.4562,3.3,92.6968,238.638
2015/07,87.24081976,4.475963673,961274296.8,15.8881,3.3,92.5611,238.654
2015/08,87.42487529,4.388012367,964823695,16.488,3.32,92.3662,238.316
2015/09,87.75241902,4.189638289,956954871.9,16.8372,3.33,92.0215,237.945
2015/10,88.2039185,4.438095726,975422285.1,16.602,3.31,92.6608,237.838
2015/11,88.68546788,4.04724002,993973732.4,16.6348,3.32,92.1577,237.336
2015/12,89.04681772,4.308650393,1087271129,17.0019,3.42,91.7837,236.525
2016/01,89.38638139,4.159106705,1067781584,17.978,3.56,95.2753,236.916
2016/02,89.77778112,4.273361557,1071562314,18.4837,3.75,94.8599,237.111
2016/03,89.9100006,4.146843262,1064980087,17.7383,4.06,94.7204,238.132
2016/04,89.62527796,3.821231047,1078102012,17.4924,4.06,95.0213,239.261
2016/05,89.22561452,3.98917282,1095923236,18.0405,4.08,95.4469,240.229
2016/06,89.32402789,3.920944013,1105334085,18.6471,4.1,95.3418,241.018
2016/07,89.55691448,3.799349102,1116603722,18.5699,4.56,95.0939,240.628
2016/08,89.80933349,3.759954119,1111377366,18.476,4.59,94.8266,240.849
2016/09,90.35774385,3.841751706,1124689216,19.1386,4.61,94.2511,241.428
2016/10,90.90615422,3.583571765,1135595320,18.948,5.11,93.6825,241.729
2016/11,91.61683394,3.578029459,1157805654,19.9425,5.34,92.9558,241.353
2016/12,92.0390348,3.641359211,1261697098,20.5137,5.84,92.5294,241.432
2017/01,93.60388244,3.536296711,1236669606,21.3732,6.13,99.6963,242.839
2017/02,94.14478034,3.44525945,1234574733,20.3812,6.44,99.1235,243.603
2017/03,94.72248933,3.543209695,1236434261,19.4067,6.63,98.519,243.801
2017/04,94.83893263,3.475000924,1235342033,18.7584,6.87,98.398,244.524
2017/05,94.72549432,3.543487979,1234585813,18.7862,6.98,98.5158,244.733
2017/06,94.96363964,3.278048238,1240499938,18.1901,7.21,98.2688,244.955
2017/07,95.32273574,3.250614953,1238358806,17.8513,7.37,97.8986,244.786
2017/08,95.79376765,3.330930862,1223080023,17.8078,7.38,97.4172,245.519
2017/09,96.09351524,3.339367239,1226669132,17.7991,7.38,97.1133,246.819
2017/10,96.69826913,3.446479668,1240531999,18.7247,7.38,96.506,246.663
2017/11,97.69517399,3.491636225,1257536649,18.977,7.38,95.5212,246.669
2017/12,98.27288299,3.374349802,1372883844,19.0625,7.51,104.8305,246.524
2018/01,98.7949997,3.293236251,1337103549,19.0025,7.64,104.2765,247.867
2018/02,99.17137448,3.265979686,1334882603,18.6282,7.78,103.8808,248.991
2018/03,99.49215698,3.26998303,1356624271,18.6839,7.83,103.5459,249.554
2018/04,99.15484705,3.389959813,1353271169,18.3464,7.84,103.8981,250.546
2018/05,98.99408017,3.242010128,1362367307,19.4894,7.85,104.0668,251.588
2018/06,99.37646493,3.360207944,1393414137,20.3105,7.93,103.6664,251.989
2018/07,99.9090991,3.296023711,1380780884,19.1171,8.1,103.1137,252.006
2018/08,100.492,3.271510163,1380344335,18.8089,8.11,102.5156,252.146
2018/09,100.917,3.334377784,1366830626,19.0539,8.11,102.0839,252.439
2018/10,101.44,3.20842736,1373773785,19.0638,8.12,101.5576,252.885
2018/11,102.303,3.339696476,1407445049,20.25,8.25,100.7009,252.038
2018/12,103.02,3.597184467,1494948943,20.1775,8.41,100,251.233
2019/01,103.108,3.474434073,1442658585,19.2154,8.59,116.1072,251.712
2019/02,103.079,3.359272854,1424312650,19.1902,8.56,116.1399,252.776
2019/03,103.476,3.624032,1417029864,19.2339,8.52,115.6943,254.202
2019/04,103.531,3.502141904,1409808964,19.0231,8.5,115.6329,255.548
2019/05,103.233,3.555010183,1423278735,19.0883,8.51,115.9667,256.092
2019/06,103.299,3.544496274,1420639324,19.2912,8.51,115.8926,256.143
2019/07,103.687,3.530358748,1403852286,19.0669,8.48,115.4589,256.571
2019/08,103.67,3.487974625,1412117305,19.5896,8.37,115.4778,256.558
2019/09,103.942,3.524404568,1402192858,19.6242,8.2,115.1756,256.759
2019/10,104.503,3.625639792,1401508789,19.3701,8,114.5573,257.346
2019/11,105.346,3.537213688,1442560805,19.2931,7.87,113.6406,257.208
2019/12,105.934,3.117097879,1548852405,19.1776,7.7,113.0099,256.974
2020/01,106.447,3.672800846,1527157237,18.806,7.53,134.9627,257.971
2020/02,106.889,3.562700363,1513835901,18.7664,7.39,134.4046,258.678
2020/03,106.838,3.294242895,1565801351,21.969,7.1,134.4687,258.115
2020/04,105.755,4.712465933,1625892009,24.2579,6.54,135.8458,256.389
2020/05,106.162,4.28687781,1682585670,23.6004,6,135.325,256.394
2020/06,106.743,5.458949988,1702400181,22.2153,5.65,134.5884,257.797
2020/07,107.444,5.027785784,1750245496,22.4836,5.23,133.7103,259.101
2020/08,107.867,4.91190003,1748034524,22.237,4.97,133.186,259.918
2020/09,108.114,4.802008726,1729505391,21.645,4.72,132.8817,260.28
2020/10,108.774,4.595947163,1752524751,21.3558,4.53,132.0754,260.388
2020/11,108.856,4.535156342,1784543870,20.5088,4.5,131.9759,260.229
2020/12,109.271,4.082728947,1905669553,19.9821,4.49,131.4747,260.474
2021/01,110.21,4.571331162,1901282566,19.8889,4.47,149.9045,261.582
2021/02,110.907,4.373413284,1899154046,20.2415,4.36,148.9624,263.014
2021/03,111.824,4.426483433,1963052006,20.7895,4.28,147.7409,264.877
2021/04,112.19,4.710506044,1952963385,20.0534,4.28,147.2589,267.054
2021/05,112.419,4.101304223,1966908774,19.9829,4.29,146.9589,269.195
2021/06,113.018,3.992955928,1967008915,20.0366,4.32,146.18,271.696
2021/07,113.682,4.103070391,1992064201,19.9715,4.52,145.3262,273.003
2021/08,113.899,4.010700821,1990292200,20.0529,4.65,145.0493,273.567
2021/09,114.601,3.925816518,2005680538,20.0078,4.75,144.1608,274.31
2021/10,115.561,3.839384361,2035818566,20.4723,4.98,142.9632,276.589
2021/11,116.884,3.845613666,2082267855,20.7843,5.13,141.3451,277.948
2021/12,117.308,3.799593478,2226643956,20.9873,5.44,140.8342,278.802
2022/01,118.002,3.60366997,2225834478,20.4734,5.72,170.8032,281.148
2022/02,118.981,3.690556984,2232413279,20.4823,6.02,169.3978,283.716
2022/03,120.159,3.407752411,2265925780,20.6061,6.33,167.7371,287.504
2022/04,120.809,3.086744964,2262570283,20.0475,6.73,166.8346,289.109
2022/05,121.022,3.363125689,2264554650,20.1101,7.01,166.541,292.296
2022/06,122.044,3.326581536,2257660864,19.9743,7.42,165.1464,296.311
2022/07,122.948,3.211247034,2297308887,20.5254,8.04,163.9321,296.276
2022/08,123.803,3.258304815,2270113845,20.142,8.5,162.8,296.171
2022/09,124.571,3.133870192,2289233954,20.073,8.89,161.7963,296.808
2022/10,125.276,3.194143031,2297638222,20.0146,9.56,160.8858,298.012
2022/11,125.997,2.994328265,2331294279,19.497,10,159.9651,297.711
2022/12,126.478,2.99550917,2474603876,19.5825,10.53,159.3568,296.797
2023/01,127.336,2.923880735,2454983680,19.0436,10.78,189.9359,299.17
2023/02,128.046,,,18.6418,11.1,,300.84
