"Date","P_obs","W_obs","P_stationary_PLS","W_stationary_PLS","P_stationary_PCA","W_stationary_PCA","P_stationary_SPLS","W_stationary_SPLS","P_stationary_SPCA","W_stationary_SPCA","P_Johansen","W_Johansen","P_classic_PLS","W_classic_PLS","P_classic_PCA","W_classic_PCA"
2005-02-01,3.93127449516973,15.2605933679736,3.24856729035089,20.6286620287099,0.608636457127042,8.11656292936985,-0.983912802013125,-3.26594452596943,2.50484558929637,14.3493119889936,1.13414685159364,11.3166157252072,2.0462682956206,16.5626078871413,2.40198341578172,15.4947980540825
2005-03-01,3.90457775487378,15.3987578296629,3.40794741996441,20.7909202547449,0.560294322698763,6.93281420162863,-0.98454377042986,-4.03772150538765,2.4566540112866,13.8200069572346,1.22911933236404,12.2642593816156,2.16582744626672,16.6244020106127,2.48553883329025,16.0081849647528
2005-04-01,3.82348523457782,15.0333673893914,3.45637761426822,20.7625842822955,0.592097246495913,6.58966885472624,-1.09175074106972,-5.13164833490455,2.30052972301124,12.8911608202259,1.25691134603883,12.5415705063128,2.25689939396569,16.7565177036456,2.55439970100113,16.3531052747494
2005-05-01,3.38493477428186,15.1113941059826,3.36306349907567,19.8273071254577,0.592710471116775,5.90711584481994,-1.01841361137565,-4.98013042491409,2.18771168659591,12.1041218575757,1.18682294155368,11.84222232293,2.33463083075493,16.4201102093964,2.58468511308489,16.4701676993971
2005-06-01,3.03808005398591,15.5664333225739,3.60488991395832,20.978612938134,0.407076934800698,5.04362832633079,-1.15790473075172,-6.293675223441,2.00418218891639,11.1253571097729,1.47092846838266,14.6770519290021,2.12650220099646,16.0462201197065,2.42373304938174,15.7041135667722
2005-07-01,2.97770973368995,15.7794346442849,3.79257250861889,22.0423480647386,0.368960743116822,5.09414010881152,-1.1518700083318,-6.59859999428056,2.00623447015849,11.2767369106563,1.69127636666817,16.8757023835268,2.00339076927376,16.0514899489529,2.34281832104841,15.2584317508021
2005-08-01,2.75777848339399,16.0024296479132,3.71729617787931,21.255710656425,0.528242780882876,5.20643683639785,-0.857641995131794,-5.25512921596599,2.22347467314404,12.3601436215841,1.60650443301231,16.0298406715994,2.18081187088265,16.1430651591945,2.46609340869896,15.7431711727041
2005-09-01,2.70414288309803,16.2153117566613,3.6262022537981,20.5126173339679,0.673732564215159,5.44065611594833,-0.661639735497021,-4.33908994137758,2.50884114819459,13.7790354830921,1.49234130439971,14.8907110653399,2.32829429155788,16.223773331746,2.56877769641784,16.1362446288953
2005-10-01,2.55932960280208,16.5657485222722,3.17130190745129,18.3020798198585,1.09480332477776,7.37365565490523,-0.296332030061589,-1.73842558907897,2.70687481013353,14.9879486144493,1.09786053002504,10.9545476590691,2.63394557070342,16.5892571024229,2.79343817484362,16.9452299673581
2005-11-01,2.69685628250611,16.7698291604321,3.08904773463265,18.0239261974099,1.23477643801648,8.21509212244587,-0.131019405041361,-0.604508270514121,2.95891522830643,16.4203679284185,1.01454751831037,10.1232431969002,2.70525207292771,16.8272097938613,2.85544533042519,17.1542810257199
2005-12-01,2.77428859221016,16.2111735240821,3.32351712374262,19.2331754487123,1.13676302478305,7.90606491698589,-0.0162515237510187,-0.188518631138228,3.2753653877679,18.1537847649014,1.2017427656899,11.9910936231501,2.57804668679264,16.8101218274887,2.77049184479937,16.7674798291278
2006-01-01,2.83721536191421,11.7308995053792,3.16707591748432,18.6375512466343,1.14826502892954,8.31093364108276,0.162196644633854,1.11829108934783,3.20138505697413,17.9708134740898,1.1743550733519,11.717816851845,2.4321647840188,16.232225449255,2.63716739499688,15.9122455535338
2006-02-01,2.63956047161825,12.0840227905979,2.25913468982758,12.845496282603,0.920349561831529,5.64246423243468,0.303248499882862,1.86821191776846,2.67445117771258,14.6283156565725,0.639129505151689,6.37728967662377,2.07831207624054,12.3262821758693,2.15576863642127,12.9097255670863
2006-03-01,2.42532782132229,12.5134872522872,2.27352743433135,13.5328838366058,1.03174194507515,6.99104401344778,0.176201873675004,1.10786516955409,2.56830864435289,14.4668373002388,0.750500027238448,7.48855441257978,1.92199602754726,12.4045547899774,2.05710353528494,12.1813133503822
2006-04-01,2.22404655102634,12.3343968120157,2.28743679984152,13.9671714349267,1.03138512650041,7.6347859870504,0.317162812383604,2.53153921314376,2.93857354223917,16.5122550546432,0.725493036590131,7.23903248937098,1.89808783859962,12.6957442795024,2.05939862529014,12.2738318559025
2006-05-01,1.66271706073038,12.590223528607,1.98650759065598,12.7381112042703,1.16698644120945,8.63746183094124,0.30522413406689,3.11100135876874,2.90670982108959,16.4093222584085,0.480565256942071,4.79512184516243,1.95885896934021,12.6761217411211,2.09779273870873,12.3557978426196
2006-06-01,1.42465388043442,12.8810627451982,1.98235265449401,12.6716534464482,1.15499704597849,8.66730592451941,0.541640872009995,4.64137621283692,3.27878642122236,18.3277662963937,0.474881903765274,4.73841285386905,1.93341662372736,12.5380661387679,2.07213786152171,12.2159306588756
2006-07-01,1.30056280013846,13.1965640669093,1.97898345055834,13.4197522920674,1.13534952100752,9.63017203922245,0.156476660672219,2.97597452826294,2.77153412076768,15.9250941338693,0.548771250235195,5.47568716628444,1.81227712789813,12.851681891674,2.01143867499806,11.9725374927107
2006-08-01,1.32049100984251,13.0681590705376,1.95144068413526,13.0110798932048,1.35566711877095,10.113309716949,0.267369954758415,2.77493661138068,2.64758353359418,15.3994797325839,0.594018192850669,5.92716508697904,1.91249792125363,12.8902716164479,2.08042048545586,12.0128156588647
2006-09-01,1.64710775954655,12.7404411792857,1.92871186426571,12.529694868437,1.41773912458682,9.8390643688359,0.393133262022643,3.01346601638045,2.76019900100832,15.916259417098,0.574729046303356,5.73469630849905,1.96407238819378,12.6767342246144,2.10125147873677,11.9845192836106
2006-10-01,1.62662767925059,12.9218779448965,2.1002971820031,13.6408574631307,1.19566533189623,9.23366688827937,0.185968728100907,1.94903994099112,2.51197982563102,14.6675748085577,0.752664659731661,7.51015330347964,1.75672187281697,12.4893260826175,1.95234135527415,11.4066133462721
2006-11-01,1.66157946895464,13.2981585830564,2.36287755731041,14.9344524898844,1.03728763197146,8.54992800737096,0.144773312344823,1.41404951590303,2.65778963605022,15.4040791021669,0.962905318241496,9.60795284224939,1.62571536925334,12.4512364989096,1.86360955988054,11.0796038681808
2006-12-01,1.73175900865867,12.7711029467064,2.34446575549545,14.9463206629912,1.15607593970378,9.18250491216262,0.203902328673547,1.72637843662192,2.53212560634351,14.89155646705,0.972690177535934,9.70558701758108,1.70723748693973,12.8008202570129,1.93958435317191,11.4012369283984
2007-01-01,1.76515663836272,8.25482892800357,2.11333656826781,13.4967509514715,1.26347402868754,9.18814995782111,0.285578480423366,2.05746267116457,2.31604131051868,13.7098220078204,0.822856471814198,8.21053329684458,1.79061737978222,12.4259426719886,1.9709560553681,11.3786469087601
2007-02-01,1.65090860806676,8.49405221322228,1.46354059144172,8.83889724865899,0.757888338217191,5.10308281294958,0.247303319334352,1.69000204590402,1.73782331788357,9.86016451232058,0.460694630708932,4.59685101190686,1.34253891884866,8.46906716015564,1.42435609996648,8.37250377027195
2007-03-01,1.4972883877708,8.84211667491156,1.47018023274441,8.93019643127819,0.814502201494089,5.39133534065666,0.169458122850458,1.13191017249233,1.68156889094435,9.59762052670732,0.467994193697727,4.66968668498575,1.3761070014372,8.65102430527337,1.45807089060705,8.50777612423798
2007-04-01,1.16908364747484,8.84892623464005,1.37471305446057,8.55778538830077,0.938031593111711,6.07686701200817,0.22792843137247,1.69223366730424,1.68989464178241,9.69961565016972,0.377874387861049,3.77046344026138,1.49115520361406,8.9904140466846,1.55542551231176,8.96647946881328
2007-05-01,0.569936147178889,9.1431529512313,1.32349665159053,7.87583738868181,1.01089967202146,5.81127991662817,0.416204894025799,2.33184525816863,1.86442608556845,10.5009592033134,0.341879254243334,3.4113008727713,1.55920987613844,8.73092739400514,1.58420232845225,8.96846257454933
2007-06-01,0.35518544688293,9.40349216782253,1.41143884584742,7.69276720787667,0.99692302999217,4.92031948768076,0.639459298833722,2.98911032005065,2.07091631641937,11.3525681297174,0.411728981514405,4.10826751419566,1.63522134690123,8.53755560413742,1.62264988314457,9.14576848340679
2007-07-01,0.332633136586973,9.5841934895336,1.50744186265412,8.31872311333628,0.960274489872127,4.9819511605775,0.583400943420915,2.5969515359893,1.96113596339779,10.8616370817549,0.534325692240207,5.33154813478621,1.56409607612652,8.59090176516104,1.57902002069939,8.94402472941604
2007-08-01,0.300237786291016,9.54858849316189,1.58239034514205,8.59840968228257,0.960735408886977,4.85468113999517,0.643017516492728,2.736084064145,2.06231850043541,11.3833291932463,0.587845218929883,5.86557061740475,1.57465228656381,8.65860887740845,1.59043061206922,9.00309949538933
2007-09-01,0.50355745599506,9.42737060190999,1.62192597743797,9.13104103466507,0.858496312561726,4.89933519450619,0.458511522484387,2.05007531304154,1.89950624477772,10.5799512626765,0.635534868023857,6.34142207536024,1.47185964689112,8.69233275213896,1.52441111957797,8.79225013294786
2007-10-01,0.462873225699101,9.65030736752085,1.58120410679867,8.75361709739511,0.899279594786367,4.81567826199502,0.552745722986084,2.50386487998978,1.98773150966138,10.997306466098,0.576237203510332,5.74974483201306,1.53701249407481,8.68227683375114,1.56692486536948,8.97515890370296
2007-11-01,0.626302665403133,9.86778800568072,1.5489772676296,8.37936769709226,1.07349860823294,5.17982983490929,0.588229189462423,2.09011562983113,1.91064428448256,10.6504173094764,0.577508293309657,5.76242787635691,1.63917404574623,8.77543685606623,1.64057525119513,9.13078821073688
2007-12-01,0.603750355107183,9.48463236933078,1.28876383990908,6.69725373686315,1.37888167991078,5.8710710447204,0.810123498917908,3.26047723811496,1.87862049818634,10.4250305821251,0.312612629119044,3.11927594703977,2.00489832861525,9.23855173738681,1.91167563681182,10.3458662337112
2008-01-01,0.614871624811218,5.12595835062792,1.16414462861851,5.84609007337847,1.40278956111168,5.66182711096248,0.915779533075158,3.80116945832945,1.78458698093296,9.88068591113414,0.243665340301282,2.43131391483104,2.02421202193384,8.88151797160472,1.90184980305506,10.2049835545661
2008-02-01,0.51875551451528,5.34838163584661,0.373924867421272,0.866947781541,1.0798484604034,2.806863742022,0.682858379206332,2.34864098755326,0.822375969078984,4.26544575579262,-0.166717638623309,-1.66352306869511,1.60391425152836,5.15587642640777,1.38797534872719,7.16974828732109
2008-03-01,0.703425204219317,5.24044609753589,0.513341509775452,1.32086074195134,1.04342552533563,2.34247527893684,0.837678587097771,2.86476569331482,1.0127061387863,5.21853115758068,-0.0547999634698608,-0.546798791948683,1.59627563952037,5.12442399624406,1.38122495986847,7.14799363952234
2008-04-01,0.563274413923355,4.98975565726439,0.393806499668661,0.55260668456576,1.19462080244185,2.67239622799697,0.854378973248167,2.67290729349266,0.976802691991499,5.0341067479167,-0.160871646039713,-1.60519124728414,1.70846100919205,5.1498156139512,1.45706334556291,7.3632865994713
2008-05-01,0.201396093627397,4.93928237385563,0.322430247335453,-0.385487632036732,1.25640988444993,2.13148047287168,1.10316408186513,3.55315907610345,1.13207372714866,5.70093777548275,-0.20895298088312,-2.08495097964444,1.77973274198001,4.71906757307376,1.47721546546439,7.29937900329986
2008-06-01,0.184542393331443,4.93872159044687,0.139506227784079,-1.60796313997693,1.40244902195124,2.3421836991302,1.29212509645336,4.42655744292376,1.13077372175076,5.65450762853921,-0.32338405094542,-3.22675412894534,1.88517051809192,4.48551881839943,1.53213394270367,7.37363475053581
2008-07-01,0.264046923035482,5.00662291215793,-0.0799774533328279,-3.11217848471182,1.66720470170034,2.82179762777304,1.43635489164811,4.79448209360339,1.10131824330018,5.46166284285838,-0.505869435977029,-5.04760913988806,2.11414385486423,4.52112372392137,1.68587275186496,7.87697230761603
2008-08-01,0.359093102739538,4.82631791578622,-0.245457449691418,-4.18167098267907,1.89489940573434,3.30441379260892,1.38270423762839,4.02520974696811,0.65103691069873,3.13221083142128,-0.600955274059022,-5.99638388539052,2.32053705304634,4.72595668898618,1.83539721785463,8.43227272708485
2008-09-01,0.526148912443562,4.79790002453434,0.0177397573469177,-3.27371957548626,1.67147003879168,1.75180605176853,1.36306633885314,3.32195684334437,0.544309856348592,2.39888307570291,-0.365760396173579,-3.64958897975142,2.21722847733272,4.41044100048115,1.74767494197933,8.14783261950299
2008-10-01,0.696313062147626,4.77253679014518,0.0907783870968116,-2.3845894478646,1.5030246540059,1.75919457463942,1.0262396678983,2.11681173802101,0.407208155295777,1.67909434049105,-0.352136474221754,-3.51364830400703,2.1195871002915,4.69834176362587,1.70103995510494,8.20213012035131
2008-11-01,1.17938242185166,4.63161742830505,0.180624655909517,0.482093819818393,0.896853082971772,2.71434407556323,-0.0577049270198162,-0.411264520304633,0.0572271749888515,-0.00940645283692465,-0.422616748926099,-4.21690660244992,1.6977703518266,5.72029231441573,1.4850687872835,8.19068549012785
2008-12-01,1.36560627155569,4.01826179195511,0.699364592948597,4.50385772030473,0.316270659078263,2.18841046419834,-1.02371151351462,-5.04965915119318,-0.602976830223355,-3.20802340732086,0.054362673428719,0.542435473962914,1.10962366007329,5.92322848852045,1.10875173489717,6.89123394064442
2009-01-01,1.23581659125974,0.313987773252248,0.88258870938282,5.76469109299959,-0.073310315242459,1.07300069702555,-1.27167017675853,-5.90171047846889,-0.788094866545874,-4.23041631564786,0.228764709798813,2.28263413035446,0.795359505888301,5.47572797633205,0.872544574797129,6.03600985359748
2009-02-01,1.09877413096379,0.608611058470933,0.0896167992889811,1.55011835696868,-0.395437266893188,-0.535171702378105,-1.45891568070118,-5.90922762218199,-1.40948056322846,-7.85431041133471,-0.245187177435931,-2.44649893785075,0.355882950746634,2.42763413011147,0.38823114387104,3.34228722041321
2009-03-01,1.20884390066783,0.641775520160218,-0.152965494164995,1.70950179739799,-0.275075398043338,1.95509156203212,-1.83762381683737,-6.56738926025093,-1.55592770338029,-8.19729926433872,-0.435483198765363,-4.34528915570924,0.259926028694894,3.01935991566717,0.361085601864981,3.20197181313576
2009-04-01,1.16349718037187,0.28588507988872,-0.0878187282508452,2.46247431632413,-0.357980806081775,2.27211669559589,-1.8878085842562,-6.37208393138911,-1.30122512677973,-6.76213140751545,-0.413772255841285,-4.12865548277839,0.132902708137554,3.1005354579138,0.281996440522099,2.89598429514221
2009-05-01,0.668478730075921,0.396511796479952,-0.186674405668343,1.45509850662187,0.00628623516149127,3.13075349736717,-1.28131955190403,-4.7376728424709,-1.20761180814458,-5.76954870210887,-0.22461038880896,-2.24118195493708,-0.0253245853716089,1.90228231373326,0.102046291405138,1.03182171489891
2009-06-01,0.507087689779953,0.602751013071207,-0.372766560211149,1.2696543110091,0.251778121499421,5.31445646230091,-1.23286404729504,-4.46568917619102,-1.28491744608648,-5.57095255569933,-0.177591078942594,-1.77201919997777,-0.264969031766615,1.49049396546872,-0.0830098061963397,-0.453855962972119
2009-07-01,0.407863249483998,0.925552334782276,-0.606204518254999,0.17400102221355,0.465600234355453,6.47616246336111,-0.828113939564999,-1.62956056443171,-0.589443513479521,-1.85734584826564,-0.441638289171084,-4.40670518201798,-0.135420397914633,1.6215165763962,0.0105333902159804,-0.156999676976304
2009-08-01,0.285844389188031,1.04484733841055,-0.594250802620126,0.761474641158765,0.533565817025668,7.53940626218656,-0.883989741090158,-1.75855017191193,-0.631720918740996,-1.77587866835946,-0.371853534720262,-3.71038684503348,-0.239695245172754,1.79017471887381,-0.0480123960115208,-0.561916038631211
2009-09-01,0.349289208892091,1.17532944715865,-0.631361454580093,0.34860733456253,0.724478776974252,7.94134499331299,-0.862748253843511,-2.51139195478108,-0.862788596303312,-2.85401903897208,-0.310783121570924,-3.10102096192973,-0.198385347927476,1.65276853925978,-0.0291330074330244,-0.798562426863526
2009-10-01,0.273377238596128,1.47966621276951,-0.65538175404613,0.882849963602764,0.712970645809575,8.75372285181908,-1.25557150971322,-4.1941041332249,-1.15621191229123,-4.2455312963829,-0.332855701288663,-3.32126307817655,-0.256518256996117,2.04258868797524,-0.0433018916699819,-0.770604895175098
2009-11-01,0.35184565830018,1.86774685092938,-0.55228873034214,0.780802062479598,0.708789515168262,7.97348177601585,-0.77639301518983,-1.74765016885653,-0.533438060697129,-1.19382742796913,-0.333307006696859,-3.32576624271127,-0.119514590195205,2.08850675126534,0.0505734484742364,-0.235756824661823
2009-12-01,0.357268318004204,1.48919121457944,-0.553733021845744,0.380895825822996,0.860594026014957,8.06567737291876,-0.488425342239758,-0.470389034956211,-0.216756459748109,0.406199294453024,-0.392529281364188,-3.91669123962954,0.0805416027899928,2.39565373765156,0.202532166230909,0.451670828883766
2010-01-01,0.847072397708262,-2.74518280412342,-0.597436281877785,-0.287516284452229,0.891932434695798,7.5513170867499,-0.317987528785226,-0.088345684702654,-0.339168442793359,-0.271174889636372,-0.358132471649636,-3.57347688677418,0.0765575812351249,1.87805875073599,0.167427301811815,0.0919299817196558
2010-02-01,0.976310197412291,-2.76925951890473,-1.27406115196613,-4.83527280464508,0.553172739866676,4.44097204677266,-0.368037959658758,-0.577465125311795,-1.11869756156334,-4.92522483479798,-0.721487858091502,-7.19906847067608,-0.286603792068054,-1.59653956064388,-0.292576983888355,-2.5847431569804
2010-03-01,1.20397844711633,-2.85469505721546,-1.06589265745556,-3.88957259488746,0.330275365963201,3.43784506817979,-0.287875336593878,0.058650891078182,-0.741688175364664,-3.11755346900865,-0.628461814293449,-6.27084653132175,-0.36866803814177,-1.6286228864344,-0.348689797298878,-2.59656706682912
2010-04-01,0.679430866820385,-2.61868549748696,-0.964297192012087,-3.76248905146433,0.357622518258041,2.96336619351859,-0.169928258938352,-0.069538838527714,-0.785292014534682,-3.3302739908812,-0.502183749093104,-5.01083303625544,-0.373827972582457,-1.84587563599848,-0.365399613726807,-2.82176308718495
2010-05-01,-0.0725428534755654,-2.20315878089571,-0.844009447216182,-3.26759524969912,0.395614664025165,2.92040699313605,-0.27610810093716,-1.63224893031555,-1.12058691745966,-4.95103144869148,-0.25946353743259,-2.58894969703585,-0.498087625769037,-2.17777851843181,-0.46822873928014,-3.58603910377398
2010-06-01,-0.385724003771526,-1.80621956430446,-0.687263530856953,-2.08426370237223,0.146595443655474,2.59527222201857,-0.351781933075615,-1.27908674863451,-0.882048168063177,-3.77964429196732,-0.156084637887472,-1.5574260644454,-0.665046382052129,-2.11018138678446,-0.574629098069608,-3.79267076904135
2010-07-01,-0.51810396406749,-1.43691824259338,-0.405321047774127,-0.592411802232692,-0.0436924104573675,1.97398897342259,-0.375542979340906,-1.4942114413928,-0.668670702008966,-2.69515180129237,0.0681827253366586,0.680333151432819,-0.813076642967721,-2.07751242704644,-0.67024407184315,-4.08926468361138
2010-08-01,-0.605931194363447,-1.35432323896511,-0.402293158910841,-0.232188584556144,0.0129996920442621,2.68565001462274,-0.491059495791263,-1.99169825352911,-0.860528045683406,-3.53538993068007,0.104784925445824,1.04555308106585,-0.819039967670655,-1.76143142960245,-0.6543691440261,-4.02134941982322
2010-09-01,-0.512957234659408,-1.248641130217,-0.35255407668688,-0.423032119520375,0.0137687547153308,2.12960455718945,-0.204275298847216,-0.654293287008501,-0.483610662870632,-1.70339886799339,0.104951404891185,1.0472142274215,-0.752767874341511,-1.87475898135727,-0.617448226134399,-3.84582521228529
2010-10-01,-0.349527804955355,-1.22310436460616,-0.344929403600112,-0.00755631377038024,0.0424862193666572,2.70939678015603,-0.469409500440386,-2.09509525987275,-0.7601192614624,-3.00363869434235,0.138631430331843,1.38327644457757,-0.797792316349844,-1.65424626028061,-0.633409881237558,-3.94353212381752
2010-11-01,-0.0472596352513197,-1.08372372644628,-0.36103602546969,-0.536784816095249,0.211719495287509,2.73321560267368,-0.25807923064442,-1.74941332039954,-0.814485682832855,-3.2288411940525,0.176433108410384,1.76046486949956,-0.69967094920996,-1.77491465624614,-0.575785036677391,-3.92336442317199
2010-12-01,0.0317268344527289,-1.53457936279621,-0.419731046736856,-1.09632005396112,0.391151580937398,3.05822896063832,-0.11139265660363,-1.29885691984118,-0.718390670101305,-2.71254953840329,0.0962124573576289,0.960016250421403,-0.526523777640341,-1.53228559294302,-0.445771769581869,-3.41205188965072
2011-01-01,0.106377004156758,-5.86065338149909,-0.704504981299121,-2.52239577335519,0.542475918431984,3.6336937327233,-0.167358045793415,-1.5290011908055,-1.11555556332647,-4.73326759446549,-0.0796020670809074,-0.794276334516117,-0.448836639455102,-1.73429232270231,-0.407437091997388,-3.41500817009223
2011-02-01,0.0984591638608119,-5.7053300962804,-1.32220540728722,-7.64890518851154,0.111887281898806,-0.926141329230223,0.335371114420322,0.784908299245279,-1.1702300124089,-5.95447130747537,-0.460805727691104,-4.5979595472378,-0.749509315343449,-5.73703346118897,-0.859114810337285,-6.01263928964937
2011-03-01,-0.0469368764351519,-5.33406563459112,-1.35964140326216,-7.72898194368192,0.237202898063375,-0.315402048966414,0.235407074778183,-0.0757738666328214,-1.41104648657066,-7.06771815688367,-0.439464248786113,-4.38501241835759,-0.728178991019606,-5.62222407659291,-0.837747719831218,-6.06752619165606
2011-04-01,-0.343333586731103,-5.37385607486263,-1.42564546963792,-8.38093741153832,0.412946641161678,-0.0160579103730221,0.457389671503557,0.908877972617269,-1.09634260159992,-5.48743308047884,-0.547376818983346,-5.4617734102217,-0.536467486451069,-5.3815253395379,-0.695633216019726,-5.47160514188923
2011-05-01,-1.19189688702707,-4.85712935827138,-1.54555146862317,-9.33144060711849,0.568802767446815,0.128023413390317,0.600430545010929,1.13638731081715,-1.26787774183919,-6.35708651954709,-0.562925203320027,-5.61691653867884,-0.468778926896041,-5.68285325403087,-0.669791787829552,-5.61796475656889
2011-06-01,-1.48603985732303,-4.48369014168012,-1.52153898926933,-9.15611320110534,0.644334886830951,0.548636748602367,0.552979567925708,0.475881583922019,-1.41149630972032,-7.00811283105216,-0.447192234997209,-4.46212293553425,-0.517514552269616,-5.7577263747872,-0.706734555961615,-5.97318925086313
2011-07-01,-1.41582798761898,-4.35088881996906,-1.30840824151369,-7.61162571271321,0.500693920743401,0.615687405563906,0.259469940634925,-1.11344532079587,-1.57584292802919,-7.74252055708784,-0.228725645775402,-2.28224434613824,-0.71204876531267,-5.61628117171559,-0.826461254908438,-6.44669454338265
2011-08-01,-1.58676643791493,-4.16289381634078,-1.23797625330158,-7.72015129278921,0.501798995457075,0.0393767481710293,0.616858489120059,0.681527950817898,-1.13701061871425,-5.58116094796301,-0.230034233002525,-2.2953015430713,-0.61667404107532,-5.61610565665291,-0.763091210245591,-6.09996648012121
2011-09-01,-1.6915951382109,-3.81261170759267,-1.38538925650916,-7.93288009191411,0.549779225672077,0.992699452564563,0.409055449011375,0.324248880884537,-1.20010455239189,-5.85344907907823,-0.390868181528517,-3.90011664129152,-0.57550584673709,-5.21246491921263,-0.710872489720795,-5.74506975957279
2011-10-01,-1.47038261850686,-3.84277494198184,-1.4110478544552,-7.38134623150722,0.429208410536759,1.55482399525546,0.286349374028953,1.08848047084752,-0.928990639537352,-4.46367817698167,-0.535324907486142,-5.34151839123856,-0.567769487642467,-4.57469559264537,-0.666056333787189,-5.12449896260728
2011-11-01,-0.935148818802799,-3.95359430382195,-1.36917887450923,-6.79852285155928,0.257151442790834,1.41335268962203,0.176685171545814,1.43220728248014,-0.689487407863767,-3.30995088143607,-0.615205248182944,-6.13857136404725,-0.597753032695825,-4.25015591962777,-0.665671583339483,-4.77026055875414
2011-12-01,-0.591483019098758,-4.68964994017188,-1.48805242314901,-7.19100273584893,0.383319642534349,2.12517399686594,0.0279304353668922,0.732317529789404,-0.894502584268568,-4.28350422771718,-0.738163225983634,-7.36545673886777,-0.498550621605059,-3.91034843996702,-0.578739203474339,-4.38277693602204
2012-01-01,-0.331205649394716,-9.12132395887476,-1.60257577567715,-7.88397767511018,0.309832482413644,1.64060532842638,0.0463753337320946,1.04803849254576,-1.03544849263508,-5.10116305094095,-0.822456611822492,-8.20654345914088,-0.533182246197932,-4.33255006185265,-0.628423608110103,-4.6105366720425
2012-02-01,-0.462327999690684,-8.81260067365607,-2.23520502137806,-13.0272020898426,-0.109304425083303,-2.8313769861648,0.471714388193814,2.90585785798812,-1.2128366614413,-6.93294611930824,-1.21043736276983,-12.0778490674745,-0.834381263898632,-8.3058949675862,-1.07860137198043,-7.21235302702074
2012-03-01,-0.707639899986629,-8.32143621196679,-2.22392570772323,-13.079914434604,0.193542238761303,-1.90319310075031,0.327093687695576,0.526240845063191,-1.97313939325053,-10.5257052543576,-0.978041508790952,-9.75898306532061,-0.846645623346951,-8.43436397802844,-1.09441529231923,-7.85479461532621
2012-04-01,-1.2444356702826,-8.08572665223827,-2.19678952996649,-13.2290957251312,0.273135190372797,-1.89498834016865,0.629943211163942,2.1269186950462,-1.59854705619585,-8.63258317476946,-1.00206792370457,-9.99872071873806,-0.711068640851784,-8.19815439632981,-0.989687495764544,-7.33400528736664
2012-05-01,-1.78198269057854,-7.94769993564704,-2.18483801264033,-12.930957731365,0.182345526135919,-1.83734248048509,0.615034751966988,2.56618358175717,-1.47590938189396,-8.0204605844704,-0.998212556473477,-9.96025152987369,-0.777152477134438,-8.17639386895149,-1.03226707108966,-7.4133316053617
2012-06-01,-1.71252207087451,-7.9934607190558,-1.99920590605594,-11.5034673923111,-0.150886345563162,-2.40739029805484,0.409309987343047,2.26243765228246,-1.35947411653209,-7.49314749444814,-0.866911636157851,-8.65011955050073,-1.01907844446428,-8.22301966933457,-1.19547646616541,-7.84318339678696
2012-07-01,-1.56267802117045,-7.93285939734473,-1.85971769851934,-10.2218354016514,-0.39455829770239,-2.58173983532971,0.12331810972573,1.3805961190867,-1.47444756817329,-8.05331466315011,-0.765273864017562,-7.63596903827948,-1.21402643911332,-8.10242141113896,-1.31702974478602,-8.1431987975758
2012-08-01,-1.61642192146642,-7.87086439371644,-1.63923639512965,-9.84835740281292,-0.372357243216837,-3.56366203747224,0.379544684462358,1.48392059781421,-1.31689046133667,-7.28627550090369,-0.547696472966243,-5.4649629454079,-1.20794013275044,-8.42069494607004,-1.33233156814616,-8.40849382012603
2012-09-01,-1.55823001176239,-7.69298228496835,-1.85191406628562,-11.1459055481538,-0.0827895608193931,-2.75120278175523,0.465537975002343,1.45015744896024,-1.56280019833871,-8.46898939524367,-0.661841021577778,-6.60390715880399,-1.03411101029387,-8.39737501066413,-1.21588261389216,-8.16447447322279
2012-10-01,-1.44669956205834,-7.57164551935749,-1.83968552073666,-11.7464329204359,0.0190204508603617,-3.21770143719913,0.86871219536493,3.24404765396546,-1.05736383151006,-6.00472910019393,-0.729682038963994,-7.28083071864824,-0.843160155804843,-8.35755579900344,-1.08671351200086,-7.58667734862232
2012-11-01,-1.19468591235429,-7.32976488119762,-1.83952894364824,-11.6175972997704,0.133809170322715,-2.66317834728976,0.688470370877054,1.78729880352773,-1.40544863404653,-7.65707021787895,-0.666738502128095,-6.65277464481935,-0.842103435494696,-8.23062445475995,-1.07791241471682,-7.70853448025072
2012-12-01,-1.30026586265025,-7.19022051754755,-1.75550522492768,-10.6815053983631,0.110013742854071,-2.10480204542975,0.399728978767592,0.407931706627951,-1.66179845058815,-8.82871859938342,-0.594003785757849,-5.92702133175639,-0.897548827571767,-7.78750650531365,-1.08670126149107,-7.64903058374127
2013-01-01,-1.26611385294622,-11.5782945362504,-1.61494578866998,-10.4640920209818,0.0743851194247746,-2.89149418723189,0.66878798815956,1.39436793911358,-1.32328701035078,-7.18316157527892,-0.497303721337775,-4.96213969574331,-0.878277316217169,-7.95744142684796,-1.08428407637703,-7.65042453840525
2013-02-01,-1.15833963324216,-11.5325712510317,-2.30866049996624,-15.1646332112856,-0.286697857512675,-6.19538467895332,0.516843024618209,0.00850838109058216,-2.2759100400251,-12.7570847619847,-0.799832200439596,-7.98079511864205,-1.34106729270537,-11.8667968887962,-1.63762157434437,-10.9175131137943
2013-03-01,-0.852236193538116,-11.6492067893425,-2.41474326788114,-16.2021893707543,-0.162718067202725,-6.33638548316141,0.894642403805642,2.08391937577346,-1.79974859186028,-10.4393032400745,-0.98158747812651,-9.79436505512862,-1.12083257079248,-11.7718068920215,-1.48585987718056,-10.1995422071269
2013-04-01,-1.08853313383407,-11.7554972296139,-2.39587400683822,-15.8577112412001,-0.116110071514573,-5.80067733529067,0.886396834915064,1.88796368079816,-1.84725667939861,-10.4471858971075,-0.908834659545077,-9.06843111663122,-1.23154120497842,-11.8806284944559,-1.5659847470331,-10.763740756308
2013-05-01,-1.65162255413004,-11.6028705130227,-2.19614722230737,-15.0841636547289,-0.226026856342601,-6.55662332297521,0.946524701536209,1.46197932304073,-1.80224570299964,-10.1807438563229,-0.656076256030843,-6.54638582781505,-1.43532280362007,-12.4692965461598,-1.737562372652,-11.749214413299
2013-06-01,-1.991591594426,-11.1791312964315,-2.09429296012684,-14.5619597347884,-0.341546875749835,-6.94777725950135,0.956978169597636,1.48373218955634,-1.76840164300895,-10.029799386494,-0.525745291610384,-5.24593215255287,-1.56160788703912,-12.7235501084066,-1.83711294859923,-12.204507365486
2013-07-01,-2.30902321472196,-10.5863299747204,-2.08862252215734,-13.6634054086792,-0.447454794804842,-6.11263899290969,0.603643015792147,0.651300444857579,-1.77733255518786,-9.99646149049889,-0.573844922191004,-5.7258744413671,-1.6483204980566,-12.1757834412638,-1.86043696525715,-12.0319832088678
2013-08-01,-2.3672745950179,-10.5126349710921,-1.93099454678572,-13.1438811733395,-0.419902338770768,-6.33426910003778,0.791321617972071,1.25568953960945,-1.4576167420631,-8.3701381547235,-0.467120169915042,-4.6609655998199,-1.5945766645095,-11.9911043303923,-1.81289426808415,-11.8040100018801
2013-09-01,-2.34965003531387,-10.280652862344,-1.96105695111286,-13.28555572569,-0.399028473444175,-6.21231174954794,0.844885289609444,1.67764141320713,-1.43381453178776,-8.24107446079587,-0.495237442770947,-4.9415221888577,-1.56446646860145,-11.9286859324285,-1.78909947217454,-11.6773642655352
2013-10-01,-2.24938828560982,-10.1366160967332,-2.00903905050893,-12.9806004178805,-0.335467806863928,-5.17058327645632,0.704289565190497,1.32667325369224,-1.47895831404341,-8.26915743318172,-0.52836366863416,-5.27205854576214,-1.60160284099846,-11.6112393829358,-1.79393889769507,-11.7214082791466
2013-11-01,-1.77049801590578,-10.1221354585733,-1.87827172224272,-12.3452352083176,-0.376145806866068,-5.34326301879141,0.790154185494188,1.64309777821065,-1.29780318017249,-7.28174698469635,-0.42709548518476,-4.26159582157759,-1.6516511345938,-11.5865531197699,-1.82530924003994,-11.8616048212278
2013-12-01,-1.58309160620175,-10.6469910949232,-1.87100851177644,-12.4672947242462,-0.348979172801548,-5.39055286877284,1.09964554613364,3.60590395939934,-0.811249527584154,-4.7767053731573,-0.517590229382065,-5.16456023380764,-1.55014170732134,-11.3783270595555,-1.74496928069851,-11.3958742978953
2014-01-01,-1.12448500649769,-15.4833651136261,-2.05921377497334,-13.5529212545125,-0.250379582251506,-5.24469673682494,1.07547332720659,3.27032455688088,-1.12169720511441,-6.37486220854538,-0.615415394670355,-6.14066822393863,-1.51833464092491,-11.7164503263592,-1.7453687704945,-11.5923438873635
2014-02-01,-1.20076632679365,-15.2206418284074,-2.8988033605459,-18.8294889270785,-0.658274629692533,-8.51103376621693,0.917196954522839,2.6195448780001,-2.05558774661536,-11.9164594754826,-1.10185079293599,-10.9943628487354,-1.9389314484985,-15.5726110983941,-2.26777599519809,-14.5508193030699
2014-03-01,-1.25901770708961,-14.9243773667181,-2.84287179477862,-18.5391700314115,-0.675098163722251,-8.53035392662814,0.990299402618216,3.14484439246058,-1.92432144110787,-11.2428063436526,-1.08083129108269,-10.7846284348235,-1.91360980303877,-15.3837857260981,-2.23907630768848,-14.3279133358216
2014-04-01,-1.70791757738557,-14.8030678069896,-2.92718589759592,-18.5636009871039,-0.453734402424641,-7.19020710851399,0.648685326934575,0.810879399039889,-2.519165520056,-14.04965342305,-1.04450560774103,-10.4221676134973,-1.9014237297848,-15.098483793916,-2.21309435713817,-14.4712915051565
2014-05-01,-2.26950449768152,-14.6611410903984,-2.81856828343925,-18.6097456173255,-0.54052672805146,-8.2564790899697,1.03705709604728,2.68586010213946,-2.05062365272603,-11.8199505937067,-0.977547644683704,-9.75405524639279,-1.88856451113453,-15.4425603227212,-2.2260062570608,-14.4974127301672
2014-06-01,-2.41339804797748,-14.4486018738071,-2.79185651395145,-18.5893615057098,-0.540447208702623,-8.37804269600814,1.07820920123974,2.57845646428445,-2.12218318344936,-12.1779366322882,-0.879231632718004,-8.77304954551083,-1.95474904555947,-15.7347723780042,-2.28815924832966,-14.9217260814152
2014-07-01,-2.47089818827344,-14.1334005520961,-2.75614346224269,-18.1756337972166,-0.545385096853577,-7.95265757708767,1.2425233006617,3.78098025672931,-1.78173038694571,-10.26628895177,-0.848760251017473,-8.46900345409288,-2.03791806237308,-15.7358283003578,-2.34338308155117,-15.2245147999777
2014-08-01,-2.4562786085694,-14.1260055484678,-2.76326219166709,-17.7398236494872,-0.425785868588043,-6.85277072812822,1.00833778863889,2.33980477060357,-2.1115668281553,-11.7030394118393,-0.77742343294047,-7.75719849153261,-2.09448399700026,-15.4887234001221,-2.36532103597359,-15.4943719995726
2014-09-01,-2.37029055886535,-13.9512234397197,-2.62605766817975,-17.1821414004503,-0.610322894608244,-7.70722257511164,1.18352538243938,3.65583548193938,-1.72343791525063,-9.83824575486094,-0.737265078662006,-7.3564949469365,-2.13248022247343,-15.517685489312,-2.3921917101158,-15.377920106491
2014-10-01,-2.18739162916131,-13.8741866741088,-2.55548045362588,-16.8186315969614,-0.625077947748804,-7.74664179859234,1.22017576931341,3.86809214526362,-1.61366370323053,-9.26046519835031,-0.704883587721708,-7.03338961973331,-2.11967057299276,-15.3478558691463,-2.37291466994195,-15.2239453209624
2014-11-01,-1.78362606945727,-13.746906035949,-2.46236740191174,-16.1253258083621,-0.751913835749148,-7.92088283817981,1.18984446137244,4.19657701147417,-1.49865737400934,-8.67766860622159,-0.680982714182909,-6.79490462905039,-2.15985874531505,-15.1144276182124,-2.38483373801393,-15.051569055157
2014-12-01,-1.64880695975323,-14.1975616722989,-2.29431941756442,-15.1212439388189,-0.841729623332344,-8.09781861651187,1.10419806178077,3.77192237262734,-1.42403088431095,-8.25827480108498,-0.588795877848074,-5.87505637460434,-2.2013228724421,-14.8239982502446,-2.39377312143094,-14.9391695786341
2015-01-01,-2.01807463004918,-17.8887356910018,-2.22646083594232,-14.4130092116249,-1.25876853331487,-9.16332037959577,1.04802231174158,5.06905300248266,-0.947369539744657,-6.06756467400353,-0.69816209854931,-6.96632201736922,-2.34194091885591,-14.8410715941276,-2.48830150264469,-14.7957823623242
2015-02-01,-2.14318700034515,-17.5706124057831,-2.54982384399562,-16.4264571658404,-1.96866173966037,-12.643879880944,0.627531389297497,3.02969464264887,-1.88022974364077,-11.4236165594465,-0.699162619510637,-6.97630530236308,-3.08745351476156,-18.3115824724265,-3.20107168056459,-18.3876355425275
2015-03-01,-2.07823387064111,-17.3980479440938,-2.5766677519736,-16.2047667425026,-1.93709024982214,-12.000644336825,0.525035223557649,2.85366341305567,-1.98165419693224,-11.8533029125649,-0.721795637110171,-7.2021395164385,-3.07141085196383,-17.9584915474667,-3.16839269695958,-18.1632957391436
2015-04-01,-2.59549721093705,-15.9683383843653,-2.59517616965952,-16.1761990241531,-1.94905233702565,-11.8357367562787,0.578093215572177,3.65335051355393,-1.78217960602534,-10.8532340438189,-0.808128127588154,-8.06357259978801,-3.00342581719126,-17.6390316615595,-3.10340595679392,-17.6896925726613
2015-05-01,-3.322358491233,-15.651911667774,-2.33099211567316,-14.3990205854981,-1.88282553254446,-10.8874173094031,0.51489825131017,3.2196920242118,-1.6863992429257,-10.1175910588864,-0.587351072346181,-5.86063997990236,-2.98773476419785,-16.7138673486992,-3.03447337450236,-17.2643080111936
2015-06-01,-3.46700329152897,-15.4383724511828,-2.37776427744813,-14.5638984862193,-1.83122484735026,-10.525734193674,0.500334225208284,3.08397890304914,-1.7830059700842,-10.5773622000582,-0.56005741509098,-5.58830149881535,-3.01176678637629,-16.8067267635808,-3.05635739378384,-17.4760288617608
2015-07-01,-3.62967802182494,-15.0111711294717,-2.37230146256633,-14.3430533708562,-1.83945911768836,-10.2668274728828,0.442652204257155,3.02721753597437,-1.75099413521433,-10.391222329782,-0.572616240325449,-5.71361454706728,-3.01112639884348,-16.6096118546388,-3.04361055403016,-17.3435537849399
2015-08-01,-3.73600922212088,-14.8764761258435,-2.37209844144466,-13.7563625844554,-1.86066983603721,-9.50490262448072,0.244856494925379,2.65368684420677,-1.8017428674386,-10.5558224974678,-0.603106088162529,-6.01784489519851,-3.02281324110318,-16.0866233739829,-3.01866939219761,-17.0430305654754
2015-09-01,-3.69885222241683,-14.6518940170953,-2.33181521643525,-12.9714436387448,-2.04104562021337,-9.37128476930202,0.0368184695664154,2.54894472808428,-1.73301039782455,-10.2206729865697,-0.636500302607983,-6.35105526543702,-3.10861523160118,-15.7545079500265,-3.05485097350838,-16.8792507885284
2015-10-01,-3.5377394727128,-13.4443572514845,-2.1541932056198,-11.8311593042221,-2.23199321426395,-9.75821027590219,-0.0298694556946276,2.70298193906967,-1.43516199159605,-8.74501792359185,-0.578496189797623,-5.77228519325981,-3.18134336139828,-15.4708499651844,-3.08506548298568,-16.7154570508268
2015-11-01,-3.34657682300876,-13.1093766133246,-1.96527562100716,-10.5852825091459,-1.99713910822697,-8.44422354857474,-0.0752420902120715,1.88790343148923,-1.55742977518615,-9.03519208811257,-0.401353435592127,-4.00473941642184,-3.05947668788339,-14.4533927417711,-2.93991336445028,-16.1053512394457
2015-12-01,-3.27561371330471,-13.5043322496746,-1.83584404112039,-10.2597265692145,-2.02161712509134,-8.94063196916805,0.213585461682233,3.5001257052963,-1.00161652370275,-6.28142585819916,-0.412264119057973,-4.11360716305346,-2.93845781581313,-14.1348555062253,-2.83948348970324,-15.4500389733928
2016-01-01,-3.22643677360067,-17.4640062683774,-1.89171504996927,-10.1232881236993,-2.1248569149003,-8.85624694860644,-0.188058187496791,1.64806031149189,-1.39730875354118,-8.33557412151222,-0.437212633326436,-4.36254560386853,-3.05578060399885,-14.2296632775346,-2.92335351750409,-15.7716749512667
2016-02-01,-3.12542377389663,-17.3880829831587,-2.5380552869454,-13.6829497632715,-2.78245058217224,-11.9762162008299,-0.535991671142672,1.40265396142856,-1.96039523294792,-12.0304719882535,-0.917107916211202,-9.15098238973576,-3.50882175145482,-17.1592574090288,-3.40910366735195,-17.9362589325053
2016-03-01,-3.28359102419259,-16.9848185214695,-2.43740123044471,-12.6131123450399,-2.96911766672692,-11.9951641721202,-0.919150417456349,-0.0477905643545711,-2.21287671623289,-13.3460873678125,-0.868095960598626,-8.66193684256603,-3.60818595603252,-16.7910595184467,-3.45179489576049,-17.8200711277756
2016-04-01,-3.85870039448853,-16.730808961741,-2.1219233764935,-12.1351173801865,-2.94271042934017,-13.5008972700276,-0.595590259554507,-0.0479004859867977,-2.10386784020333,-12.9525302586965,-0.56494956441083,-5.63711578935038,-3.52127335091133,-17.0321639020977,-3.4084385894017,-17.7700893388226
2016-05-01,-4.54875056478451,-16.4524822451497,-2.07425197977753,-12.4981010600652,-2.92918676005271,-14.1736954749256,-0.175184322505017,1.86338576379663,-1.75305620890782,-11.2630658209059,-0.50989963453992,-5.08782281095581,-3.46436315245653,-17.3364977379266,-3.38973203835067,-17.7558401329615
2016-06-01,-4.74072392508047,-16.1886430285585,-2.17018830706033,-12.2617513103598,-2.98190717563775,-13.3302911211022,-0.49954561849058,0.953619125302804,-1.99535161434946,-12.4412944574919,-0.560874580978759,-5.59645525097077,-3.55936428315965,-17.1318163306272,-3.44024112530187,-17.8754451427078
2016-07-01,-4.79822406537641,-15.8736417068474,-2.19500688801795,-11.8076466886849,-3.07595683758991,-12.8476601739812,-0.691362448211407,0.930552486445707,-1.91163448837757,-12.0123477024491,-0.654024550626734,-6.52591373321195,-3.5785866456907,-16.682883548831,-3.42506567421638,-17.516517061727
2016-08-01,-4.83619178567237,-15.8113467032191,-1.91422774804235,-10.8627473373833,-3.22609136276719,-14.1788588316292,-0.701507702278648,0.273069327272005,-1.94885047991516,-12.4310495159933,-0.452353793994442,-4.51362541921403,-3.54409438664135,-16.54545278217,-3.3929784081887,-17.1418898508317
2016-09-01,-4.57816815596833,-15.817564594471,-1.89264252005225,-10.9705475675124,-3.19513820139162,-14.3564891037453,-0.604351348128956,0.523255291149663,-1.91922663509847,-12.3012285801563,-0.424969842161485,-4.24038597099292,-3.5084434851362,-16.594978748175,-3.37236589123318,-17.0934700601995
2016-10-01,-4.32014451626429,-15.8179278288602,-2.03974874605953,-11.0052726870289,-3.20692581885586,-13.4315142959228,-0.894989589759554,0.0648101735096596,-2.0625600117818,-12.9852285160813,-0.618819919582121,-6.17463886900916,-3.4721044837564,-16.037844199339,-3.31374578368188,-16.5717324330684
2016-11-01,-3.89985152656024,-15.7065471907003,-1.90607441398039,-11.2665192210668,-3.23550390056634,-14.942255972741,-0.693836864659243,0.366500395513663,-1.95964004127659,-12.8006936288667,-0.583510871058831,-5.82232211814105,-3.26636025972269,-16.0057171706489,-3.1749410688697,-15.7754343680897
2016-12-01,-3.7680373968562,-16.1539028270502,-1.9866335675704,-10.8407263242585,-3.34379885256453,-14.2681014164305,-1.14695259235879,-0.604566918156795,-2.00347746027294,-13.1036247016112,-0.823592551100905,-8.21787795985647,-3.18449919223958,-15.0604670464271,-3.06172787104307,-14.7169931705679
2017-01-01,-2.49357648715215,-16.4382768457531,-2.1157027205637,-11.4705756321631,-3.4451404444474,-14.774711190426,-1.51222634407423,-2.14237244466153,-2.33485901338753,-15.1183099120694,-1.00821894923647,-10.060096185383,-3.09565907322602,-14.9520466486715,-2.99632432491922,-14.1291264398364
2017-02-01,-2.24306531744813,-16.5197535605344,-2.28191176785309,-11.8623879371362,-3.45648283420387,-14.3200211889721,-1.78437470315991,-2.29601396175818,-2.35592239887291,-15.3662186691331,-1.37493595159599,-13.7192302646878,-2.83852990270574,-13.9195274570382,-2.7614908670335,-12.502835561903
2017-03-01,-1.95574305774407,-16.5814890988451,-2.0297022151383,-12.0294976426318,-3.3878124613434,-16.1638140428399,-1.35087065514576,-2.07441875342454,-2.40460353079968,-15.8047364326358,-1.08662732258205,-10.8424617401995,-2.72485648405745,-14.488331983714,-2.7209667273413,-12.602288499444
2017-04-01,-2.12968648804002,-16.7493795391166,-1.66310740136847,-11.2409859780455,-3.40453137431223,-17.8449253768264,-1.13166426293313,-3.03051802250463,-2.58596601619424,-16.794243575972,-0.664417323321427,-6.62961372121616,-2.77897727638807,-15.0771015732002,-2.79271710035733,-13.2395172195296
2017-05-01,-2.53351152833599,-16.7788528225254,-1.51774664346469,-11.5592114095441,-3.40001852789055,-19.3489377466298,-0.844151841150896,-2.9409135765029,-2.65532803192799,-17.3427116581685,-0.459891672664278,-4.58883902684333,-2.75053964832207,-15.7454669257579,-2.81530200634058,-13.5770758243677
2017-06-01,-2.58575293863195,-16.6569136059341,-1.38266776960939,-10.8955995760685,-3.55506271495378,-20.0106504832765,-0.990142395932218,-3.98485356690285,-2.7873408482399,-18.0951420167517,-0.298569534431463,-2.97915272935526,-2.90384632435731,-16.0618026858737,-2.93654293169039,-14.1228832708446
2017-07-01,-2.5170435689279,-16.4642122842231,-1.05829675651709,-10.2918106878617,-3.6550791746942,-21.8728029074037,-0.630279437520391,-3.35961052477923,-2.55587819239153,-17.1148855031844,-0.0118354229997052,-0.11809487796465,-2.89277965197119,-16.4705862954153,-2.95406989176836,-14.2458341509253
2017-08-01,-2.33639838922386,-16.6160172805948,-0.877753086441714,-9.8871007308006,-3.64717543805371,-22.5992560231859,-0.514523280330633,-3.62942567063282,-2.53797580900604,-17.0881350267632,0.152761230761343,1.5242648196807,-2.85353712313484,-16.5185713806532,-2.93057071941707,-14.1943439644587
2017-09-01,-2.32703752951983,-16.3506351718467,-1.01112845048843,-10.7163132734865,-3.50517787569764,-22.2890328409962,-0.482629458974171,-3.67704392678862,-2.6388683972733,-17.6017669039948,0.0498069841557354,0.496978410979085,-2.74763448736358,-16.5295067615517,-2.86121445966049,-14.0044204388432
2017-10-01,-2.01267036981578,-16.3896984062358,-1.14795716463436,-11.5011131055341,-3.29533450035486,-21.5718995516711,-0.365872416196016,-3.11468241028793,-2.62167012018286,-17.4616762347872,-0.0760739688639954,-0.759072664281104,-2.56602381867814,-16.2269061183205,-2.72203567177887,-13.4511597661363
2017-11-01,-1.30615224011173,-16.536417768076,-1.27582883484734,-11.1109001444867,-3.39125286707976,-20.5319974967445,-0.830849848799044,-4.1024804494336,-2.74575152091647,-18.0423663617666,-0.289464125116502,-2.8882981648927,-2.59296904912497,-15.5396143478831,-2.69724256494906,-12.9585019336981
2017-12-01,-1.01882997040769,-7.24807340442589,-1.41792653107592,-11.679829360089,-3.262756912542,-19.8808194393762,-0.911928830047759,-4.23536914487518,-2.74483164942539,-18.012720181865,-0.49418773162329,-4.9310480799151,-2.43229077399326,-15.084766994675,-2.56240922877235,-12.267490229462
2018-01-01,-0.78709999070365,-15.2533474231288,0.0970674733371183,-1.68561534072773,-2.32257321146842,-12.6414961564143,-0.859579687005319,-4.01648628044877,-1.13586554622915,-8.23776025610873,0.240859718966766,2.40331918163706,-1.40664382103525,-6.75642595227878,-1.35687602196976,-5.4735174446188
2018-02-01,-0.701111940999607,-15.1577241379101,-1.24684911004125,-11.039222673009,-3.020651857539,-19.2572840980193,-0.725306545158367,-3.54141724486515,-2.37441412337118,-16.0742466611618,-0.518352705981066,-5.17216829149279,-2.03475401667352,-13.6459858473627,-2.20813603226161,-10.3767091239683
2018-03-01,-0.67071617129555,-14.9498596762208,-1.17893990443444,-11.2814441194583,-2.93061018104742,-19.7553965352511,-0.527737572795442,-3.33572758978812,-2.40693943254698,-16.2972047180344,-0.43327562997324,-4.32326184269213,-1.93215805073871,-13.7414999937711,-2.14581991953679,-10.2181199278689
2018-04-01,-1.29841283159152,-14.6445501164923,-1.01972787696462,-10.3707299353567,-3.02678975889155,-20.0011797067239,-0.594683134081604,-3.73580371536869,-2.43720057124894,-16.429258350373,-0.30064823962384,-2.99989423018919,-1.99875194427675,-13.5990908174222,-2.1807407733612,-10.2715377754184
2018-05-01,-1.74956644188748,-14.623123399901,-0.992679654784654,-10.514273456204,-2.9266608154099,-19.9687066522764,-0.497203257298831,-3.97290653511951,-2.57870353604048,-17.1054021245927,-0.168113001071143,-1.67744611631221,-2.01438480074409,-13.8763297146359,-2.20835132629047,-10.6641375235458
2018-06-01,-1.65756841218343,-14.6545841833098,-1.15915977159625,-10.3792685653391,-3.13053446905562,-19.3239455486707,-0.851050772920944,-3.8879614231012,-2.42486413931248,-16.4102796309305,-0.43144241901083,-4.30496990459287,-2.08337880039581,-13.4563990767284,-2.22846513999293,-10.2832745149953
2018-07-01,-1.41532097247938,-14.6443828615987,-1.21191177870951,-9.71041234168621,-3.29952099944746,-18.7133897771444,-1.3063506209545,-5.016401497756,-2.67554747120038,-17.6698552322978,-0.532859831109663,-5.31692164519399,-2.17769128543267,-12.9704770298274,-2.26082461980395,-10.0619261247537
2018-08-01,-1.12280680277534,-14.9128878579704,-0.955823640222291,-9.95949855911387,-3.14257334870231,-20.3338401694417,-0.788120646799066,-4.67964980860512,-2.606280758209,-17.4294668393193,-0.227125228476738,-2.26627524342151,-2.05238679875352,-13.5904004240751,-2.21572178380997,-10.2937020408827
2018-09-01,-0.988193533071308,-14.7753057492223,-0.944467226965994,-10.383202283123,-3.08959226994945,-20.8328206426963,-0.605898979302804,-4.32927284060266,-2.63183711857955,-17.5978416330485,-0.188242891739368,-1.87830391260431,-2.0077654663581,-13.8802978004776,-2.2041717354766,-10.3904508000315
2018-10-01,-0.755580263367262,-14.7333689836115,-0.940269996650046,-10.0713497165005,-3.0870250895217,-20.4376266860181,-0.754163149273642,-4.86386909207708,-2.65001949560003,-17.645655497892,-0.220457920775903,-2.19974826848344,-1.99884669581344,-13.5633043951431,-2.17838719593019,-10.1789533086511
2018-11-01,-0.182966993663212,-14.7519883454516,-0.992916838996372,-10.5696567193725,-2.99101318176801,-20.3779977117106,-0.60421201506826,-4.11470358617633,-2.46102817256711,-16.7176231048676,-0.319681888711068,-3.18981363283615,-1.85801734940391,-13.3919451563366,-2.07433396673412,-9.69165815916524
2018-12-01,0.243646276040823,-15.4738439818016,-1.07987952623296,-9.73366244984295,-3.16035081897568,-19.3455339455211,-1.25435732827445,-5.76432983437944,-2.65443055889649,-17.689580626703,-0.553367293351263,-5.52154688341713,-1.87995705598877,-12.3886320999094,-2.02635644978498,-8.88980644678644
2019-01-01,0.041259545744867,-6.81791800050444,-1.07893232729246,-9.95855891677056,-3.21221003941153,-20.0410610914689,-1.51751637026084,-7.84923897557803,-2.99837631617394,-19.5777154036082,-0.523057379158103,-5.21911192880255,-1.94794949198701,-12.841172001243,-2.09966086557065,-9.34469180427587
2019-02-01,-0.278127184551093,-6.29389471528574,0.597606243068422,-0.41963729254428,-2.34122145438482,-14.8714761299266,-1.07131623438411,-7.43233285579586,-1.56015627625971,-10.8431294226445,0.555765631021002,5.54547770485317,-1.09092579459184,-6.0407064825354,-1.10121902139924,-4.01388594825462
2019-03-01,-0.171513914847052,-6.19673025359646,0.671778566125839,-0.116391625857208,-2.29428814317373,-14.7200981369396,-0.938203698473423,-6.82023395375765,-1.32629359306456,-9.61220980221159,0.601319457994845,6.00001774431207,-1.0427163056451,-5.81863003294688,-1.05519829620286,-3.79305774845896
2019-04-01,-0.406900645143009,-6.30502069386795,0.599343034414127,-0.230570020903683,-2.16550755463626,-13.9089175308959,-1.11334316261343,-7.89813540529004,-1.57176042335094,-10.7377354554689,0.572593883604455,5.71339146976471,-1.01738249410596,-5.61203504230874,-1.02550175601772,-3.77660501097118
2019-05-01,-0.99528737543896,-6.1184939772767,0.522736686681173,-1.11590264889478,-2.07686364340868,-14.2136537134031,-0.854957769841625,-6.92235133769695,-1.43633899431742,-10.1226187304386,0.533558803829432,5.32389605566025,-0.943451680794316,-5.9663960975557,-0.998813803453162,-3.82684186493897
2019-06-01,-1.21967410573491,-5.82365476068548,0.589092936363908,-0.664735881918122,-2.15572832673767,-14.3280059800135,-0.933894479071232,-7.38273265631163,-1.51564359518986,-10.5231208480278,0.645462517665365,6.44048102516871,-1.06162488973635,-6.14867225970007,-1.08852363498706,-4.26283729885957
2019-07-01,-1.12206083603088,-5.6944534389744,0.761147921533408,0.495461530534488,-2.30273004773455,-14.485863872846,-1.07402468682459,-7.94207303197163,-1.45227601201763,-10.174841132458,0.777565518280943,7.75861623139237,-1.18671209357422,-6.00801724821615,-1.16238086339608,-4.45357307821172
2019-08-01,-1.42944756632684,-5.34595843534612,0.76212527324063,0.173803476833337,-2.17003011360149,-14.4241924238184,-0.925062631267227,-7.68561998138056,-1.33572996388708,-9.5608246938635,0.776155268049453,7.74454463217775,-1.08793487467948,-5.98106612770357,-1.09508458034652,-4.28689811894861
2019-09-01,-1.4478342966228,-5.07887632659801,0.739402255519257,0.720864009397727,-2.24116374959165,-13.6984174884422,-1.06543061699604,-7.44339611293284,-1.24830740290472,-9.0195031051552,0.720903945703023,7.19324214218227,-1.14822013229297,-5.5904259734062,-1.11079165594472,-4.15167148471303
2019-10-01,-1.17722102691874,-5.12893956098715,0.770523283202489,1.09451324986187,-2.19508469361537,-13.1803318102153,-1.06508386349353,-7.39177259174785,-1.15321665762215,-8.39525017877699,0.748946094425082,7.47304913609204,-1.16972673840799,-5.40375141054357,-1.11328246634944,-4.20512039987223
2019-11-01,-0.624607757214702,-5.20755892282729,0.62762310208673,0.186794415754354,-1.94733802587392,-12.4629450327694,-0.907790302915096,-6.99819735057056,-1.13609033538911,-8.17269206764364,0.657466854024423,6.56026133529407,-1.05072467113447,-5.41499443443674,-1.03521967896949,-4.13585532070623
2019-12-01,-0.326994487510672,-5.85921455917722,0.547972183929054,-0.39185513982821,-1.80361191583285,-12.1397897846973,-0.708464552874975,-5.99006452456244,-0.962427743207295,-7.2255572630302,0.546499431120444,5.45301875797145,-0.909991670310421,-5.23567239397405,-0.930745444024414,-3.71661962264462
2020-01-01,-0.104381217806617,8.64231142211992,0.490234912752646,-1.38446920630949,-1.83666113624301,-13.196283723027,-0.302065993370485,-3.93935740508213,-0.359936415652576,-4.34353040281203,0.417982210320748,4.17066277398388,-0.856420662274902,-5.82276145072773,-0.932171346574749,-3.78098506197663
2020-02-01,0.0472320518974268,8.57553470733858,2.72063288970247,14.1102147743894,-0.126878934320396,-0.165813520891625,-0.440243066254559,-5.42307995495614,1.28717184755853,6.98839768364892,1.73305832678759,17.2926064081274,0.555198291953093,6.85118685226233,0.803524262520954,5.54835506940875
2020-03-01,-0.294154678398539,9.18239916902788,2.75155897617189,14.1675052136518,-0.134716963548694,-0.305514808157352,-0.305802123195344,-4.73483926638281,1.48750861933146,8.03786357913464,1.74351268868623,17.3969209385543,0.543193065303577,6.76710799193378,0.790352303625102,5.46169373863617
2020-04-01,-1.6675414086945,10.5126087287564,2.69112795936978,17.5913557539966,-0.892565997162489,2.12994039924974,-1.53457581540665,-5.30007554157806,1.91370307061264,10.3827497177676,1.31973498625903,13.1684302413036,0.113091167592668,8.77177952453314,0.62970316798182,6.3159913972958
2020-05-01,-1.55092813899044,9.84453544534761,2.60994733301385,22.0209162365807,-1.22871499426632,7.61777705235359,-3.59053650709115,-12.3204637478228,0.415907302548137,3.73191167952654,1.42602966047033,14.2290477265924,-0.698708657484024,10.49806612112,0.19893991154581,4.84993044794035
2020-06-01,-1.26031486928642,9.47687466193886,2.69904219252708,21.6663436185446,-1.31090451126929,6.31895273712656,-2.88441597164661,-9.11815694947042,1.00103234158325,6.7540357845702,1.57143201566646,15.6798850471586,-0.856672912490351,9.33294504535834,0.0213216960550979,3.70062954167235
2020-07-01,-0.849701599582372,9.16167598364992,2.43132357358282,20.0080759270028,-0.662404252112788,8.26243812219124,-2.96495287584319,-12.2152254083426,-0.331778294694286,0.516780356253769,1.76966635617046,17.6578845027594,-0.865672245871566,8.55620788509433,-0.033223185995216,2.18337019893838
2020-08-01,-0.71708832987832,8.96697098727822,2.08092642726494,18.1938758968354,-0.478054419578875,9.09233920453203,-2.48520671005329,-8.57634451171804,0.283821137744847,3.7126950590717,1.36479925200723,13.6180853963608,-0.65122410092192,8.65855139512311,0.114558944217973,2.86136828733699
2020-09-01,-0.76047506017427,9.23195309602631,1.91475542985829,16.9969201839519,-0.287624371181163,9.41288106955498,-2.12945080859248,-6.88584890112605,0.499927307199173,4.88611081045544,1.24461616153542,12.4188880881585,-0.542099908011375,8.40914093885221,0.171007272151316,2.86369792201219
2020-10-01,-0.390861790470237,8.99388986163718,2.01365434018847,16.9384420961081,-0.137205244573754,9.29360594370936,-1.71940630162014,-5.64413254728637,0.824100199389884,6.66093446235829,1.37413578023799,13.7112460854256,-0.501753789890186,8.17835263457645,0.183622676218427,2.61045863718087
2020-11-01,-0.599248520766207,9.73247049979703,1.98713479745444,16.3073419717137,-0.0484574869132885,8.98654696546806,-1.35204140907429,-4.03966111840646,1.14059687666645,8.28167687852949,1.33590828248963,13.3298087948785,-0.421066031261174,7.93290823965583,0.221751066775658,2.63513094354777
2020-12-01,-0.474635251062151,9.21031486344712,2.16118802492021,16.3216023546549,0.208165221291454,8.82918506703052,-0.881713529549448,-3.10718689500388,1.35699127890744,9.4865908619,1.54909497159287,15.4570040826144,-0.262733369865097,7.93915489677084,0.327717564104868,2.76518342337951
2021-01-01,0.173978018641892,20.1888408447442,2.13434795177642,14.858697865753,0.280351368308758,7.29603713744806,-0.275132384923642,-0.848467260561611,1.95510658728796,12.2563049149931,1.48096334501027,14.7771807989848,-0.100800649124682,7.1743745395321,0.387186796549485,2.82005071926356
2021-02-01,0.580591288345931,19.7380641299629,3.77986519969177,26.5635685054455,1.61304225522769,17.5187354871477,-0.495978069305796,-2.32120388555852,3.04046735205741,20.0284291162651,2.39740375630609,23.9215027667378,1.0580455019853,17.1905680304245,1.78735116573801,10.4112864122915
2021-03-01,1.20720455804997,19.0593285916522,3.57667102260941,25.5843516046787,1.63321995393504,17.6945864319165,-0.393751704035758,-1.02376499595845,3.26090085882935,21.090219883104,2.14115271126016,21.3646075975692,1.15240686867718,17.2169155105869,1.85107900589977,10.809051641684
2021-04-01,1.28281782775402,18.5304381513807,3.23348903545717,24.2869974124744,1.69513665174582,18.5186648229156,-0.527343982101992,-0.660110896945988,3.06644638907522,20.1060674705301,1.80268297107168,17.9873271519712,1.23996967891176,17.3574248424121,1.91719383171575,11.2103067303312
2021-05-01,1.22143109745807,18.083164867972,2.94165481925816,21.925108874333,2.0829483247725,18.7358529461256,-0.263472762247794,-0.725794012717537,2.6517092579993,17.9956292296657,1.71373342239032,17.0997808347168,1.42770576737138,16.6563697328892,1.99746140298652,10.9345482246796
2021-06-01,1.53004436716211,17.6732040845632,2.7539008135926,19.9733882879357,2.14253802333635,17.6823191360203,0.353672403567611,2.62223465355566,3.32242958790579,21.1020422971073,1.45674368725842,14.5355149517547,1.65980083955368,16.1722248057684,2.12055311720403,11.4928455645924
2021-07-01,1.90365763686615,17.3823054062743,2.3983806163758,17.7428464854182,2.40096175542409,18.0928944962739,0.582933392741861,3.91872927492229,3.40680460340203,21.418350735737,1.10736737466485,11.0494077800462,1.94849829138752,16.1456401820553,2.30966697155765,12.2346979359377
2021-08-01,1.83027090657019,17.4350004099025,2.1576514063893,16.1473704319413,2.63120400465519,18.3860030955979,0.632192968667102,3.8370822294186,3.12911021260477,19.9153880753523,0.907880790400056,9.05891332750968,2.18934184906392,16.2015693720272,2.47253863107184,12.8499601527342
2021-09-01,2.24188417627423,17.1157825186506,2.11602484094537,15.7444621229197,2.66061486413655,18.2369867854747,0.705340568991971,4.2405502374532,3.15935096498708,19.9771953091889,0.849581857732467,8.4772015172077,2.28266021983465,16.2665894861742,2.53840020127029,13.2033424803623
2021-10-01,2.91149744597827,16.4864192842615,2.04379079473324,15.0028349473713,2.71423368335026,17.8781787799099,0.833194808153874,4.73969732365726,3.16002672423495,19.8747556383703,0.759788894738573,7.58123953873745,2.40306539385309,16.196032312237,2.61373359838472,13.5423320630325
2021-11-01,3.94411071568232,15.7063999224214,1.51272633159739,12.0822740731357,3.00293665507977,18.621840530079,0.892884357510315,5.75083245823926,3.08326999374518,19.2672085701837,0.188714574799909,1.88301040712284,2.82661208893983,16.5251532233253,2.91417847549771,14.9927984576071
2021-12-01,4.07772398538637,15.1745442860714,1.04243530116669,9.46532205013909,3.28967762822385,19.3068149078212,0.919991371706555,6.29862287255647,2.95060889701547,18.441193657996,-0.316680603228312,-3.15986654578806,3.20426555267059,16.7960405405088,3.18074135460392,16.2171531170873
2022-01-01,4.4813372550904,37.6922702673686,0.793619500505947,7.73634061199038,3.38543801319038,18.941745072763,0.892253918487404,6.06839271940655,2.89513559732637,17.8582892052618,-0.591454726147551,-5.90158659371532,3.4144343412796,16.6439709384106,3.3101145685014,16.8213271413208
2022-02-01,5.16995052479443,36.7781935525873,4.32597174714615,30.6874673230039,5.90458026344499,36.6912398258524,1.40202547276817,7.8278850635909,6.4858668058765,40.0686003101462,1.23723444919568,12.3452327217256,5.99969123907855,36.3902779898923,6.27020687676381,33.0491991604159
2022-03-01,6.0575637944985,35.6602580142765,3.92629250362547,28.0654347067166,6.13866141338924,36.6336468667466,1.4558758916215,7.86108803149099,6.09950990249885,37.8639571093239,0.887429394556919,8.85484752467677,6.30155934837518,36.1725337036803,6.45608098404271,33.7661110324816
2022-04-01,6.41717706420254,34.710867574005,3.37706561805286,24.2937727693123,6.43046134852285,36.3113587351121,1.81523725128567,9.9066889742063,6.14634767758308,37.7058878106279,0.302796398864058,3.02132874954084,6.79573711874532,35.9838236696662,6.77092679844357,35.1779825729115
2022-05-01,6.33979033390658,34.2699942905963,3.31147450550594,22.3427410000948,6.45820097208635,34.0641656149375,2.29341947648331,11.1770674556387,6.22265934091003,37.6218330592584,0.241293240918229,2.40764490129696,7.0076800275535,35.044383235258,6.85260412109956,35.3894400785673
2022-06-01,7.07140360361061,33.2443335071875,2.81100461678324,19.466274139878,6.82527532368973,34.9361944576346,2.22811759841317,10.5576771471907,5.70760810893744,34.8520583204983,-0.134725631416564,-1.34430404399114,7.3208813276243,34.9401658937283,7.05289941816244,36.0271943708703
2022-07-01,7.68501687331465,32.5929348288986,2.18119850791125,15.0926310518593,7.29617622604049,34.9927036418833,2.53298819145661,11.6232759589381,5.46834915033851,33.2603644130611,-0.718911896335252,-7.17336530068769,7.89513885072628,34.7030584090412,7.41779989717106,37.4304535321486
2022-08-01,8.24963014301871,31.7904298325269,2.19560813642051,14.9742750561272,7.04643771371725,33.5646558609128,2.24986522266545,10.5380528736379,5.20995987372132,31.5134699556299,-0.830706526726125,-8.28886182611328,7.97277258824102,34.8102458329424,7.47596875440996,38.1788152377821
2022-09-01,8.72724341272275,31.356011941275,2.28799718908409,14.4718578843967,6.96340793172871,31.6819996032015,2.25804237552475,9.33509133339885,4.86134474616597,29.399164833732,-0.726263231893253,-7.24671756495581,8.01673720306203,34.1859068972725,7.46637172225206,38.0693076892543
2022-10-01,9.14185668242678,31.0137487068858,2.29775756226376,13.8417415573409,6.92936389749567,30.4850339522798,2.34206393298692,9.3166229554468,4.75937507368497,28.5922770630662,-0.764827597629889,-7.6315161535289,8.1610957067736,34.0451439870455,7.55337594890507,38.5732275020275
2022-11-01,9.57246995213083,30.9311293450457,2.1742528089756,12.3959119487175,7.05707811033528,29.6461359851469,2.28883743792569,8.24012848067121,4.37036130771027,26.2370555412333,-0.912630386133747,-9.10630520598886,8.47249515643268,34.1159725913068,7.76424596195156,39.5897310779691
2022-12-01,9.76308322183486,30.3018737086958,2.35166248737406,12.0897676157031,7.08761206945247,27.9699388312364,2.58017457435764,8.42266322690788,4.45931238813109,26.3902300217484,-0.804888302280196,-8.03124534165962,8.67750489671487,33.9639685581278,7.89121925958338,40.1617326907975
2023-01-01,10.3306964915389,53.4296996899929,2.49495080536803,12.2531420938466,6.84955218961497,26.0634392916416,2.33084303999408,6.46116783622126,4.25850243461975,24.9469594265345,-0.727149338813945,-7.25555921672147,8.6372516536063,33.5291029941529,7.83760989128752,40.0913566381648
